mouse_ID,sex,BP_final,HR_final,bw,heart_wt,heart_wt_log,D1MIT171,D1MIT46,D1MIT10,D1MIT33,D1MIT36,D2MIT117,D2MIT297,D2MIT92,D2MIT15,D2MIT274,D2MIT304,D2MIT265,D3MIT203,D3MIT22,D3MIT29,D3MIT84,D3MIT19,D4MIT181,D4MIT214,D4MIT26,D4MIT234,D4MIT42,D5MIT145,D5MIT52,D5MIT113,D5MIT239      ,D5MIT223,D6MIT138,D6MIT223,D6MIT149,D6MIT259,D7Mit152,D7MIT246,D7MIT176,D7MIT31,D7MIT323,D7MIT238,D7MIT7,D7MIT259,D8MIT258,D8MIT45,D8MIT215,D8MIT245,D9MIT64,D9MIT71,D9MIT196,D9MIT52,D10MIT213,D10MIT16,D10MIT115,D10MIT150,D10MIT14,D11MIT71,D11MIT236,D11MIT86,D11MIT4,D11MIT58,D11MIT48,D12MIT145,D12MIT158,D12Nds2,D13MIT16,D13MIT110,D13MIT204,D14MIT138,D14MIT45,D14MIT67,D14MIT263,D14MIT170,D15MIT175,D15MIT184,D15MIT187,D15MIT159,D15MIT161,D16MIT146,D16MIT5,D16MIT51,D16MIT20,D17MIT113,D17MIT16,D17MIT185,D17MIT76,D18MIT22,D18MIT60,D18MIT152,D18MIT142,D18MIT48,D18MIT25,D19MIT68,D19MIT16,D19MIT40,D19MIT11,D19MIT71,DXMIT192,DXMIT119,DXMIT197,DXMIT249
,,,,,,,1,1,1,1,1,2,2,2,2,2,2,2,3,3,3,3,3,4,4,4,4,4,5,5,5,5,5,6,6,6,6,7,7,7,7,7,7,7,7,8,8,8,8,9,9,9,9,10,10,10,10,10,11,11,11,11,11,11,12,12,12,13,13,13,14,14,14,14,14,15,15,15,15,15,16,16,16,16,17,17,17,17,18,18,18,18,18,18,19,19,19,19,19,X,X,X,X
,,,,,,,15.402,39.162,45.526,68.3839,76.728,5.796,25.2704,42.7415,50.6601,57.7195,62.4863,97.9651,10.821,32.2503,39.2655,68.4347,80.73,4.2254,24.1603,41.31,76.58,82.6371,3.369,28.0154,41.5938,52.235,86.57,1.806,21.81,48.928,74.6379,2.7137,18.9,34.4837,49.01,54.4466,63.782,63.14,88.854,20.897,42.157,62.631,74.6716,14.3528,27.071,46.4135,73.0641,9.754,9.8192,36.684,57.745,66.746,4.6976,26.12,32.133,41.8683,67.7912,82.957,2.23,38.14,62.22,7.2577,50.663,65.4302,12.5177,20.8058,38.8154,44.496,56.165,3.9624,22.8214,34.289,41.9576,52.7807,14.687,34.2201,53.7793,56.658,8.1371,17.982,39.3,55.4805,13.4052,18.0372,34.777,51.065,52.15,59.054,3.3831,13.8174,20.3777,36.2631,56.278,27.7074,37.2371,68.464,76.0275
1,1,106,608,39.2,149,2.173,-,-,-,-,-,-,-,-,-,-,-,-,-,-,-,-,-,-,-,-,-,-,-,-,-,-,-,-,-,-,-,-,-,-,-,-,-,-,-,-,-,-,-,-,-,-,-,-,-,-,-,-,-,-,-,-,-,-,-,-,-,-,-,-,-,-,-,-,-,-,-,-,-,-,-,-,-,-,-,-,-,-,-,-,-,-,-,-,-,-,-,-,-,-,-,-,-
2,1,103,590,45.1,154,2.188,-,-,-,-,-,-,-,-,-,-,-,-,-,-,-,-,-,-,-,-,-,-,-,-,-,-,-,-,-,-,-,-,-,-,-,-,-,-,-,-,-,-,-,-,-,-,-,-,-,-,-,-,-,-,-,-,-,-,-,-,-,-,-,-,-,-,-,-,-,-,-,-,-,-,-,-,-,-,-,-,-,-,-,-,-,-,-,-,-,-,-,-,-,-,-,-,-
3,1,104,517,37,133,2.124,C,C,C,C,C,B,B,B,B,B,B,B,H,C,C,C,C,-,B,H,H,H,B,B,H,H,H,H,H,H,B,H,C,H,H,H,H,B,H,B,H,H,C,B,B,H,H,C,C,C,C,H,C,H,C,B,B,H,H,C,C,H,B,B,C,C,H,H,H,C,C,C,C,B,H,H,B,B,H,B,B,B,B,B,H,C,C,H,H,B,B,B,B,B,B,C,C
4,1,108,690,38.9,135,2.13,C,H,H,H,B,H,H,-,B,B,B,B,C,C,C,B,B,C,C,H,B,B,C,H,H,H,H,H,H,C,C,H,C,H,H,H,H,H,H,C,C,B,B,C,H,H,B,B,B,H,C,C,H,H,H,H,C,C,H,H,H,B,H,H,B,B,H,H,H,H,H,H,B,B,B,H,H,H,H,H,H,C,B,B,B,B,B,B,C,C,C,C,C,B,B,B,B
5,1,115,653,43.8,159,2.201,C,B,B,B,B,H,H,H,H,H,H,H,B,B,B,B,B,B,H,H,C,C,C,C,H,H,H,H,C,C,C,H,H,B,B,B,B,B,H,B,B,B,B,H,H,B,B,H,H,H,H,H,C,H,H,H,H,H,H,H,C,B,H,C,C,C,H,H,H,C,H,H,H,H,C,C,C,C,C,C,C,C,H,H,B,B,B,H,H,H,H,C,C,B,B,B,B
6,1,119,592,42.5,131,2.117,H,H,H,C,C,H,H,B,B,B,B,H,H,H,H,H,H,B,B,B,B,B,B,B,B,H,C,H,H,H,H,B,B,B,B,B,H,H,H,B,B,B,B,H,B,B,C,H,H,H,H,H,B,B,B,B,H,H,C,C,C,C,H,H,H,H,H,C,C,C,C,C,C,C,H,B,B,B,C,C,C,C,H,H,H,H,H,H,C,H,H,H,H,B,C,C,C
7,1,108,644,42.2,152,2.182,-,-,-,-,-,-,-,-,-,-,-,-,-,-,-,-,-,-,-,-,-,-,-,-,-,-,-,-,-,-,-,-,-,-,-,-,-,-,-,-,-,-,-,-,-,-,-,-,-,-,-,-,-,-,-,-,-,-,-,-,-,-,-,-,-,-,-,-,-,-,-,-,-,-,-,-,-,-,-,-,-,-,-,-,-,-,-,-,-,-,-,-,-,-,-,-,-
8,1,-,-,43.6,128,2.107,H,H,H,C,C,H,H,H,H,H,H,C,H,H,H,H,B,C,C,C,C,C,C,C,C,C,C,C,C,H,B,B,B,B,H,H,C,H,C,C,C,C,C,C,H,B,B,H,H,H,H,C,B,B,B,B,H,H,C,C,C,C,H,H,B,B,B,B,B,H,H,H,H,H,H,C,H,H,B,B,B,H,B,B,H,H,H,H,H,H,H,H,B,B,B,C,C
9,1,106,517,35.3,175,2.243,H,H,C,H,H,B,B,B,B,B,B,B,H,B,B,B,B,B,C,C,C,C,H,H,H,C,C,C,H,H,H,H,H,B,B,B,B,B,H,B,B,H,H,B,B,H,C,C,C,H,H,H,B,B,-,H,C,C,B,B,B,H,B,B,B,B,B,B,B,B,B,B,B,B,H,H,H,H,H,H,H,H,B,B,H,H,H,H,C,H,H,B,H,B,B,B,B
10,1,107,599,43.5,160,2.204,-,-,-,-,-,-,-,-,-,-,-,-,-,-,-,-,-,-,-,-,-,-,-,-,-,-,-,-,-,-,-,-,-,-,-,-,-,-,-,-,-,-,-,-,-,-,-,-,-,-,-,-,-,-,-,-,-,-,-,-,-,-,-,-,-,-,-,-,-,-,-,-,-,-,-,-,-,-,-,-,-,-,-,-,-,-,-,-,-,-,-,-,-,-,-,-,-
11,1,117,590,41.6,159,2.201,C,C,C,H,H,B,B,B,B,H,H,H,B,B,B,B,B,H,H,C,C,C,-,C,C,C,C,B,B,C,C,H,B,B,B,B,H,H,H,B,H,H,H,H,C,C,C,H,H,H,H,H,C,H,H,H,H,H,H,B,B,H,B,B,H,B,B,B,B,H,H,H,H,H,H,H,H,H,B,B,B,B,B,B,B,B,B,B,H,H,H,C,C,B,B,B,B
12,1,118,561,38.5,152,2.182,H,H,H,H,H,B,B,B,B,B,B,H,B,B,B,B,B,H,H,H,H,H,H,B,B,B,H,C,C,C,H,B,B,B,B,B,B,B,H,H,C,H,H,H,H,B,B,H,H,C,H,B,C,B,B,B,C,C,H,C,C,H,H,C,C,C,C,C,C,C,C,H,H,B,B,B,B,B,H,H,H,H,H,B,B,B,B,H,C,H,H,H,B,C,C,C,C
13,1,96,582,44.6,159,2.201,B,B,B,C,C,H,C,C,C,C,C,H,H,C,H,H,H,C,H,H,H,B,B,C,C,C,H,B,H,H,H,H,H,H,H,H,H,H,B,H,B,B,B,H,B,B,H,C,C,H,H,H,H,H,H,H,H,H,H,H,H,C,C,C,C,C,H,H,H,B,B,B,H,H,H,C,C,C,H,H,C,C,B,B,B,B,B,B,H,H,H,H,H,B,B,B,B
14,1,106,619,42.3,130,2.114,-,-,-,-,-,-,-,-,-,-,-,-,-,-,-,-,-,-,-,-,-,-,-,-,-,-,-,-,-,-,-,-,-,-,-,-,-,-,-,-,-,-,-,-,-,-,-,-,-,-,-,-,-,-,-,-,-,-,-,-,-,-,-,-,-,-,-,-,-,-,-,-,-,-,-,-,-,-,-,-,-,-,-,-,-,-,-,-,-,-,-,-,-,-,-,-,-
15,1,108,626,44.7,154,2.188,B,H,H,H,H,C,C,C,H,H,H,H,H,H,H,H,C,H,-,C,H,H,B,H,H,H,C,B,H,H,H,B,B,B,B,B,B,B,H,B,H,H,H,H,B,B,B,H,H,C,H,H,C,H,H,H,-,B,H,B,-,C,B,B,H,H,H,H,H,H,C,C,C,C,B,B,B,B,B,B,B,B,C,C,C,C,C,H,C,C,H,H,H,C,C,B,B
16,1,108,578,49.9,189,2.276,-,-,-,-,-,-,-,-,-,-,-,-,-,-,-,-,-,-,-,-,-,-,-,-,-,-,-,-,-,-,-,-,-,-,-,-,-,-,-,-,-,-,-,-,-,-,-,-,-,-,-,-,-,-,-,-,-,-,-,-,-,-,-,-,-,-,-,-,-,-,-,-,-,-,-,-,-,-,-,-,-,-,-,-,-,-,-,-,-,-,-,-,-,-,-,-,-
17,1,100,600,42.4,131,2.117,B,B,B,B,B,H,C,C,H,H,H,H,H,H,H,H,H,H,C,C,B,B,H,H,H,H,B,H,H,H,H,B,B,B,B,H,H,H,H,H,B,C,C,C,C,B,B,C,C,C,H,H,H,H,H,C,H,H,H,C,C,H,H,B,H,H,H,B,B,H,B,B,B,B,C,H,H,H,C,C,H,H,H,H,H,H,H,H,B,H,H,H,H,B,-,C,C
18,1,102,549,37.3,114,2.057,H,H,H,H,H,H,H,C,H,C,H,B,C,C,C,C,B,C,-,H,C,C,H,B,B,B,H,C,C,H,B,H,H,B,B,B,B,B,H,H,H,C,C,H,H,H,-,H,H,H,H,H,B,H,H,H,B,B,C,C,C,C,C,C,H,H,H,H,H,H,H,B,B,H,B,B,B,B,H,H,B,B,H,H,H,H,H,H,C,C,C,C,C,B,B,B,B
19,1,98,569,36,150,2.176,C,C,H,H,H,H,H,H,H,H,H,H,C,C,H,H,H,B,H,H,H,H,C,H,H,H,C,H,C,C,C,B,B,B,H,H,H,H,H,C,H,C,H,C,H,H,C,H,C,C,H,H,B,H,H,H,H,H,H,H,B,H,C,H,B,B,B,B,B,H,C,C,C,C,B,B,B,B,H,H,H,H,C,C,C,C,C,H,H,H,H,B,B,C,C,C,B
20,1,92,562,46,167,2.223,H,C,C,H,H,B,B,B,B,B,B,C,H,H,H,H,H,B,H,H,H,H,H,B,B,B,B,H,C,H,H,H,C,C,C,C,C,C,C,C,H,H,C,H,B,-,H,C,C,H,B,H,H,H,H,H,C,C,C,B,B,C,H,B,B,B,H,H,H,B,B,B,B,B,B,B,B,H,H,H,H,H,H,H,H,H,H,H,H,H,H,C,C,C,C,C,C
21,1,114,652,34.9,123,2.09,H,H,H,H,H,C,C,C,C,C,C,H,C,H,H,H,H,H,H,H,H,B,B,B,B,H,H,H,H,B,B,C,B,B,B,B,B,B,H,C,C,C,C,H,H,H,H,H,H,B,B,B,C,H,H,H,H,C,C,H,B,H,H,H,B,B,B,B,B,H,H,H,H,H,C,C,H,H,C,C,C,C,H,H,H,H,H,H,C,H,H,H,B,C,C,C,C
22,1,110,558,34.4,136,2.134,-,-,-,-,-,-,-,-,-,-,-,-,-,-,-,-,-,-,-,-,-,-,-,-,-,-,-,-,-,-,-,-,-,-,-,-,-,-,-,-,-,-,-,-,-,-,-,-,-,-,-,-,-,-,-,-,-,-,-,-,-,-,-,-,-,-,-,-,-,-,-,-,-,-,-,-,-,-,-,-,-,-,-,-,-,-,-,-,-,-,-,-,-,-,-,-,-
23,1,116,599,32.8,132,2.121,C,H,H,C,C,C,H,H,B,B,-,H,C,C,H,H,H,B,H,B,H,H,H,H,H,H,H,H,H,H,H,H,H,H,H,H,H,H,H,C,C,C,C,H,B,B,B,H,H,H,H,C,H,H,H,B,B,H,C,B,B,H,B,B,H,H,H,H,H,H,H,B,B,B,C,H,H,H,H,H,C,H,H,H,B,B,B,B,C,C,C,H,H,C,C,C,B
24,1,107,519,40,135,2.13,B,H,H,C,C,H,H,H,H,H,H,H,B,B,H,H,B,C,C,H,B,B,H,H,H,H,H,H,H,H,C,H,H,H,H,H,H,H,H,B,B,B,B,H,H,H,H,C,H,B,H,H,H,C,C,C,C,H,B,H,C,H,C,H,H,C,C,C,H,H,B,B,H,H,B,H,H,H,B,H,H,H,H,H,H,C,C,C,B,B,B,B,B,-,B,B,B
25,1,104,722,37,149,2.173,B,H,H,H,H,H,C,C,C,C,C,C,H,C,C,C,C,B,H,H,H,H,B,C,C,H,B,H,C,H,B,B,B,B,B,B,H,H,C,H,H,C,C,H,H,C,H,H,H,H,H,C,H,H,H,H,H,H,H,B,B,-,H,H,C,C,C,H,H,H,H,H,H,H,H,H,H,H,H,H,C,H,H,H,H,H,H,H,H,H,H,H,H,C,C,C,C
26,1,113,641,39,142,2.152,H,H,H,H,B,C,C,C,H,H,H,H,H,H,H,H,H,H,H,H,H,H,H,H,H,H,C,H,B,B,C,B,B,B,B,B,B,B,B,H,H,H,B,C,C,C,H,B,B,B,C,C,C,H,H,H,H,C,H,H,C,H,C,C,C,C,C,H,H,H,H,H,H,H,H,H,H,H,H,H,B,B,H,H,H,H,H,H,H,H,H,H,H,B,B,B,B
27,1,99,659,40.1,146,2.164,-,-,-,-,-,-,-,-,-,-,-,-,-,-,-,-,-,-,-,-,-,-,-,-,-,-,-,-,-,-,-,-,-,-,-,-,-,-,-,-,-,-,-,-,-,-,-,-,-,-,-,-,-,-,-,-,-,-,-,-,-,-,-,-,-,-,-,-,-,-,-,-,-,-,-,-,-,-,-,-,-,-,-,-,-,-,-,-,-,-,-,-,-,-,-,-,-
28,1,100,615,38.3,147,2.167,H,H,H,H,H,H,C,H,H,H,H,H,C,C,C,C,H,H,C,C,H,H,B,H,H,H,H,C,C,H,B,C,C,C,C,C,C,C,C,C,C,C,C,-,H,C,H,C,C,H,H,H,H,H,H,H,H,H,H,B,B,H,H,H,H,B,B,B,B,H,B,B,B,B,C,C,B,B,H,H,H,H,B,B,B,B,B,B,H,C,C,C,C,C,C,C,C
29,1,110,561,40.2,139,2.143,-,-,-,-,-,-,-,-,-,-,-,-,-,-,-,-,-,-,-,-,-,-,-,-,-,-,-,-,-,-,-,-,-,-,-,-,-,-,-,-,-,-,-,-,-,-,-,-,-,-,-,-,-,-,-,-,-,-,-,-,-,-,-,-,-,-,-,-,-,-,-,-,-,-,-,-,-,-,-,-,-,-,-,-,-,-,-,-,-,-,-,-,-,-,-,-,-
30,1,104,665,37.5,120,2.079,H,B,B,B,B,H,H,H,H,H,H,C,B,B,H,H,C,C,H,H,B,B,B,C,C,C,B,B,B,H,H,H,H,H,H,H,B,B,H,H,B,H,H,H,H,B,B,H,H,H,H,H,C,H,H,H,H,H,C,C,C,C,C,C,C,C,H,H,H,C,C,C,C,H,B,B,B,B,C,-,H,H,H,H,H,H,H,H,C,C,H,-,B,B,B,B,B
31,1,121,552,35.9,141,2.149,H,B,B,B,B,C,H,H,H,H,H,H,C,C,C,C,C,C,-,H,H,B,C,H,H,H,C,H,H,H,H,H,H,C,C,C,C,C,C,B,H,C,C,C,C,H,H,C,C,H,H,H,B,H,H,H,H,H,H,H,C,C,H,-,C,C,C,C,C,C,C,C,C,C,B,B,H,H,C,C,H,B,H,B,H,C,C,C,H,H,H,H,H,C,C,C,C
32,1,103,620,39.2,138,2.14,-,-,-,-,-,-,-,-,-,-,-,-,-,-,-,-,-,-,-,-,-,-,-,-,-,-,-,-,-,-,-,-,-,-,-,-,-,-,-,-,-,-,-,-,-,-,-,-,-,-,-,-,-,-,-,-,-,-,-,-,-,-,-,-,-,-,-,-,-,-,-,-,-,-,-,-,-,-,-,-,-,-,-,-,-,-,-,-,-,-,-,-,-,-,-,-,-
33,1,101,623,40,137,2.137,B,B,B,B,H,H,C,H,H,H,H,C,H,H,H,H,H,H,-,C,C,C,H,H,H,H,H,H,H,H,H,H,C,C,C,C,C,C,C,H,H,H,B,H,H,H,-,H,H,H,H,H,H,B,B,B,B,B,H,C,H,H,H,H,C,C,C,C,C,B,H,H,H,H,H,H,H,H,H,H,H,H,B,B,B,B,B,B,C,B,H,B,B,B,B,B,B
34,1,106,637,41.7,131,2.117,B,H,B,H,H,B,B,H,H,H,H,H,B,H,B,H,H,B,H,C,H,H,H,H,H,C,C,H,H,H,B,C,C,H,H,H,C,C,C,H,B,B,B,C,H,H,H,B,B,B,H,C,H,B,H,H,H,H,H,B,H,H,H,H,B,B,H,H,H,H,H,H,H,H,H,H,B,B,C,H,H,H,B,B,B,B,B,B,C,C,C,C,C,C,B,B,B
35,1,111,560,39.1,126,2.1,-,-,-,-,-,-,-,-,-,-,-,-,-,-,-,-,-,-,-,-,-,-,-,-,-,-,-,-,-,-,-,-,-,-,-,-,-,-,-,-,-,-,-,-,-,-,-,-,-,-,-,-,-,-,-,-,-,-,-,-,-,-,-,-,-,-,-,-,-,-,-,-,-,-,-,-,-,-,-,-,-,-,-,-,-,-,-,-,-,-,-,-,-,-,-,-,-
36,1,110,605,36.7,120,2.079,B,B,B,B,B,H,H,H,H,B,B,H,B,B,H,H,H,H,H,H,H,H,C,C,C,H,C,C,H,B,B,B,B,B,C,C,C,C,C,B,B,B,B,-,H,B,B,B,B,H,H,H,H,H,H,H,H,H,H,H,H,H,C,C,B,B,B,B,H,C,C,C,H,B,H,H,H,H,H,H,H,H,C,C,C,C,C,H,H,H,H,C,C,B,B,C,C
37,1,111,638,34.2,117,2.068,B,B,B,H,H,H,H,C,C,C,C,H,H,H,H,H,H,B,B,H,C,C,H,B,B,B,B,C,C,C,C,H,H,H,B,H,H,H,H,C,B,B,B,B,B,B,H,C,C,H,H,H,B,H,H,H,B,B,H,H,H,H,H,B,B,B,B,B,B,H,H,C,C,C,C,C,H,H,B,B,B,H,H,H,H,H,H,B,-,H,C,C,C,C,C,B,B
38,1,111,652,40,135,2.13,H,H,H,H,H,H,H,H,H,H,H,B,H,B,B,H,H,C,C,C,C,C,C,H,H,H,B,H,H,C,C,H,H,B,B,B,B,B,B,H,H,H,C,C,C,C,C,C,C,C,H,H,H,H,H,B,B,H,B,H,H,H,H,H,H,H,H,H,H,C,C,C,H,H,C,B,B,B,B,B,H,H,B,B,H,C,C,C,H,H,H,H,H,B,B,C,C
39,1,116,546,32.3,129,2.111,B,B,B,H,H,H,H,H,H,C,C,H,H,H,H,H,C,H,H,H,H,H,H,H,H,C,H,C,H,H,B,H,H,B,B,B,B,B,H,H,H,B,B,H,H,B,B,H,C,C,C,C,H,B,B,B,H,C,H,H,B,H,H,H,C,C,H,H,H,H,C,C,C,C,H,C,C,C,B,B,B,C,C,C,C,H,H,H,B,B,B,B,B,B,B,B,B
40,1,95,700,41,151,2.179,H,H,H,H,H,H,H,H,H,H,H,H,C,H,H,H,H,H,H,C,C,C,H,H,H,H,H,B,H,H,C,H,H,H,C,C,C,C,H,C,H,H,H,C,H,H,H,H,H,C,B,B,C,C,C,C,H,H,H,H,H,H,B,B,H,H,H,H,B,B,H,H,H,H,H,H,H,H,C,C,H,B,H,H,H,C,C,C,H,H,H,B,B,H,C,C,C
41,1,102,603,41,130,2.114,-,-,-,-,-,-,-,-,-,-,-,-,-,-,-,-,-,-,-,-,-,-,-,-,-,-,-,-,-,-,-,-,-,-,-,-,-,-,-,-,-,-,-,-,-,-,-,-,-,-,-,-,-,-,-,-,-,-,-,-,-,-,-,-,-,-,-,-,-,-,-,-,-,-,-,-,-,-,-,-,-,-,-,-,-,-,-,-,-,-,-,-,-,-,-,-,-
42,1,96,579,45.2,138,2.14,H,H,H,H,H,H,B,H,H,H,H,H,H,H,H,H,H,H,B,H,C,C,H,B,H,H,C,H,B,H,H,B,B,H,H,H,C,H,H,C,H,B,B,B,B,B,H,B,B,H,C,C,H,H,H,B,B,B,H,H,B,H,H,C,H,H,B,B,B,B,B,H,H,H,H,H,C,C,H,H,C,H,H,H,B,B,B,C,H,H,H,H,H,C,C,C,C
43,1,101,581,39.6,129,2.111,-,-,-,-,-,-,-,-,-,-,-,-,-,-,-,-,-,-,-,-,-,-,-,-,-,-,-,-,-,-,-,-,-,-,-,-,-,-,-,-,-,-,-,-,-,-,-,-,-,-,-,-,-,-,-,-,-,-,-,-,-,-,-,-,-,-,-,-,-,-,-,-,-,-,-,-,-,-,-,-,-,-,-,-,-,-,-,-,-,-,-,-,-,-,-,-,-
44,1,111,622,37.1,131,2.117,-,-,-,-,-,-,-,-,-,-,-,-,-,-,-,-,-,-,-,-,-,-,-,-,-,-,-,-,-,-,-,-,-,-,-,-,-,-,-,-,-,-,-,-,-,-,-,-,-,-,-,-,-,-,-,-,-,-,-,-,-,-,-,-,-,-,-,-,-,-,-,-,-,-,-,-,-,-,-,-,-,-,-,-,-,-,-,-,-,-,-,-,-,-,-,-,-
45,1,108,667,39.6,117,2.068,B,B,B,H,H,H,B,B,B,B,B,C,H,H,H,B,H,C,H,H,C,C,C,C,C,C,H,C,C,B,B,B,B,B,B,B,B,B,B,H,H,H,H,H,H,H,H,B,B,B,B,H,C,C,C,C,C,H,H,H,C,B,H,C,B,B,H,C,C,B,B,B,B,B,B,B,B,B,B,B,B,B,H,C,C,C,C,C,H,H,H,C,C,C,C,B,B
46,1,110,667,39.5,140,2.146,H,C,C,H,H,H,H,H,H,C,C,H,B,H,H,H,H,B,B,B,B,B,H,C,H,H,H,H,C,C,C,B,B,B,B,B,H,H,H,C,B,B,B,H,H,H,H,H,H,H,C,H,C,C,C,H,B,B,H,H,H,B,B,H,H,H,C,C,C,C,H,B,B,B,C,H,H,H,H,C,C,C,H,H,H,H,H,H,H,C,C,C,C,B,B,C,C
47,1,106,666,38,150,2.176,-,-,-,-,-,-,-,-,-,-,-,-,-,-,-,-,-,-,-,-,-,-,-,-,-,-,-,-,-,-,-,-,-,-,-,-,-,-,-,-,-,-,-,-,-,-,-,-,-,-,-,-,-,-,-,-,-,-,-,-,-,-,-,-,-,-,-,-,-,-,-,-,-,-,-,-,-,-,-,-,-,-,-,-,-,-,-,-,-,-,-,-,-,-,-,-,-
48,1,108,683,-,-,-,C,H,H,-,B,H,H,H,C,C,C,H,H,C,C,H,H,H,H,H,C,C,H,H,H,H,H,H,H,B,B,C,H,H,H,B,B,B,B,B,C,C,H,H,H,H,B,H,H,H,C,C,H,H,H,H,B,B,H,B,H,B,H,H,H,H,C,C,C,H,H,H,H,H,C,C,C,H,H,H,H,H,B,B,B,B,B,B,C,C,C,H,B,C,C,B,B
49,1,109,519,41.1,155,2.19,H,H,H,C,C,B,B,B,B,B,B,B,C,H,H,H,H,B,B,B,B,B,H,H,H,B,B,B,B,H,C,C,H,B,B,B,B,H,H,B,B,H,C,B,B,B,B,B,H,H,H,H,H,B,B,B,C,C,B,H,C,H,C,C,C,C,C,C,H,H,B,B,B,H,C,H,H,H,H,H,H,B,B,B,B,H,H,H,B,B,B,B,H,-,C,B,B
50,1,118,547,39.6,145,2.161,H,C,C,C,C,H,C,C,C,C,H,B,C,C,-,-,B,H,H,H,H,H,H,H,H,H,H,B,B,H,H,B,B,B,H,H,H,H,H,H,H,C,C,H,H,H,-,H,H,B,B,B,B,B,H,H,H,H,B,C,C,B,B,B,H,H,H,C,C,C,C,H,H,H,C,H,H,H,H,H,H,B,H,H,H,H,H,H,B,B,B,H,H,B,B,C,C
51,1,106,594,38.6,145,2.161,H,H,H,H,H,B,B,B,H,B,B,B,H,H,H,C,C,H,H,H,C,C,H,H,H,H,H,-,C,C,H,B,H,H,H,H,H,H,H,C,C,C,H,C,C,H,B,H,H,C,H,H,H,H,H,H,H,H,H,H,H,H,C,H,B,B,C,C,C,B,H,C,C,C,B,B,H,H,C,H,H,H,B,B,H,H,H,H,H,H,H,C,C,B,B,B,B
52,1,117,597,47.9,165,2.217,H,B,B,B,B,C,C,C,C,C,C,H,C,C,C,H,H,H,B,B,B,B,C,C,C,H,H,-,H,C,B,B,B,H,H,H,H,H,H,H,C,C,C,C,C,C,H,B,B,B,H,C,-,B,B,B,H,H,H,B,B,H,H,H,H,H,H,H,H,B,B,B,B,B,H,H,H,C,C,C,H,H,C,C,C,C,C,C,C,C,C,H,H,B,B,B,B
53,1,114,648,35.1,123,2.09,H,C,C,H,H,H,B,-,H,H,H,H,B,B,B,H,H,B,B,H,H,B,B,B,B,B,H,H,H,H,H,H,H,B,B,B,B,B,H,H,H,H,C,H,H,C,H,H,B,H,B,B,B,B,B,B,B,B,H,C,C,H,B,H,C,C,H,H,H,C,H,H,H,H,H,B,B,B,-,H,H,H,C,C,C,C,C,C,B,B,B,B,B,B,B,B,B
54,1,108,588,33.1,130,2.114,-,-,-,-,-,-,-,-,-,-,-,-,-,-,-,-,-,-,-,-,-,-,-,-,-,-,-,-,-,-,-,-,-,-,-,-,-,-,-,-,-,-,-,-,-,-,-,-,-,-,-,-,-,-,-,-,-,-,-,-,-,-,-,-,-,-,-,-,-,-,-,-,-,-,-,-,-,-,-,-,-,-,-,-,-,-,-,-,-,-,-,-,-,-,-,-,-
55,1,104,605,34.2,125,2.097,-,-,-,-,-,-,-,-,-,-,-,-,-,-,-,-,-,-,-,-,-,-,-,-,-,-,-,-,-,-,-,-,-,-,-,-,-,-,-,-,-,-,-,-,-,-,-,-,-,-,-,-,-,-,-,-,-,-,-,-,-,-,-,-,-,-,-,-,-,-,-,-,-,-,-,-,-,-,-,-,-,-,-,-,-,-,-,-,-,-,-,-,-,-,-,-,-
56,1,96,571,35.7,137,2.137,C,H,H,H,H,B,B,B,B,B,H,H,H,B,B,H,C,C,C,B,H,H,H,H,H,H,C,H,H,H,H,C,C,H,H,H,H,H,B,H,C,C,C,H,H,C,H,H,H,H,H,B,H,H,B,B,H,H,C,C,C,H,C,C,H,H,H,C,C,B,H,H,H,H,C,H,H,H,H,H,B,B,H,H,H,H,H,H,H,H,H,H,H,B,B,B,B
57,1,-,539,33.9,137,2.137,H,H,B,H,H,C,H,H,H,H,H,C,H,B,B,B,H,H,H,B,B,B,H,B,B,B,B,C,C,H,H,H,C,C,C,C,C,C,H,C,C,H,H,C,H,H,C,H,H,C,C,C,H,C,C,C,C,H,C,C,H,B,H,C,C,C,H,H,H,H,H,H,H,H,H,H,H,H,H,H,H,H,H,H,B,B,B,B,B,B,H,H,C,B,B,B,B
58,1,96,531,41.6,132,2.121,H,H,H,H,C,C,H,H,H,H,C,C,H,C,C,C,H,-,H,C,C,H,H,H,H,H,H,C,C,H,H,H,H,C,C,C,C,-,H,H,H,H,H,C,C,C,C,B,H,B,H,H,C,C,C,C,C,C,C,C,C,H,B,H,H,H,H,H,C,B,B,B,B,H,H,H,B,B,C,H,H,B,H,H,H,H,H,B,H,H,-,-,-,B,B,B,B
59,1,88,575,42.2,183,2.262,H,H,H,H,C,H,B,B,H,H,H,H,H,H,H,H,H,C,H,H,C,C,H,H,H,H,B,H,H,B,B,H,H,H,H,C,C,C,H,H,H,H,H,B,B,B,B,B,H,H,H,H,B,C,C,C,H,H,H,B,B,B,B,C,C,C,C,C,C,B,B,B,B,B,H,C,C,C,-,H,H,B,H,H,B,B,B,B,C,C,C,C,H,C,C,B,B
60,1,109,603,30.2,128,2.107,H,H,H,B,B,B,H,H,H,H,H,B,C,C,C,C,C,B,B,H,H,H,H,H,H,B,B,H,H,H,H,C,C,C,C,C,C,C,C,H,B,B,B,H,H,H,C,H,H,H,H,H,B,H,H,H,H,H,B,B,H,H,H,C,C,C,C,H,H,B,C,C,C,C,H,H,H,H,B,H,B,B,H,H,H,H,H,H,B,B,B,B,H,C,C,C,C
61,1,109,596,41.7,145,2.161,H,H,H,B,B,H,C,C,C,C,H,C,C,C,C,C,C,C,C,H,H,C,H,B,B,B,B,B,B,C,H,H,H,B,B,B,B,B,H,B,H,H,H,C,H,H,H,C,C,C,C,C,B,B,B,B,B,B,H,H,B,H,B,B,C,C,H,H,H,B,B,B,H,H,H,H,C,C,H,H,H,C,H,H,H,H,H,H,H,H,H,H,H,B,B,B,B
62,1,-,-,38.7,129,2.111,-,-,-,-,-,-,-,-,-,-,-,-,-,-,-,-,-,-,-,-,-,-,-,-,-,-,-,-,-,-,-,-,-,-,-,-,-,-,-,-,-,-,-,-,-,-,-,-,-,-,-,-,-,-,-,-,-,-,-,-,-,-,-,-,-,-,-,-,-,-,-,-,-,-,-,-,-,-,-,-,-,-,-,-,-,-,-,-,-,-,-,-,-,-,-,-,-
63,1,-,-,35.5,120,2.079,C,C,C,B,B,H,H,H,H,H,H,H,H,H,H,C,C,C,C,C,H,H,C,B,B,B,H,H,H,H,H,C,C,C,C,C,C,C,B,B,H,H,H,H,B,B,B,B,B,H,H,H,B,B,B,B,H,C,B,H,C,H,H,B,H,H,H,H,H,C,H,H,H,H,H,H,H,H,H,H,H,C,H,H,C,C,C,C,C,C,H,B,B,B,B,B,B
64,1,90,650,35,114,2.057,H,H,H,C,C,C,C,C,H,B,B,B,H,H,B,H,H,B,-,C,B,B,C,C,C,C,B,C,C,C,H,C,C,C,H,H,H,H,H,B,B,B,H,H,H,B,-,H,H,B,B,H,C,C,C,C,C,C,C,B,B,B,H,C,H,B,H,H,H,H,B,H,H,H,B,B,H,H,H,H,B,H,C,C,H,H,H,H,B,B,B,B,B,B,C,C,C
65,1,123,674,37.5,159,2.201,C,C,C,C,C,C,C,C,C,C,C,C,H,H,H,H,H,-,H,H,H,H,H,H,H,H,C,H,H,H,H,H,B,B,B,B,B,B,H,H,C,C,C,H,H,H,H,-,H,C,C,C,H,-,B,H,H,H,B,H,C,C,-,-,C,C,H,H,H,C,H,H,H,B,H,H,H,H,-,-,B,B,H,-,B,B,B,B,C,C,-,-,-,C,-,B,B
66,1,112,644,39.8,128,2.107,H,H,H,H,H,H,B,B,B,C,H,H,C,C,C,H,H,H,B,B,H,H,B,H,H,H,C,B,B,B,H,H,H,H,H,H,H,H,H,H,H,B,B,-,C,C,C,H,H,H,H,H,C,C,H,-,C,H,H,B,C,H,H,H,B,H,H,H,H,H,H,H,H,H,H,H,B,B,B,B,H,H,C,C,C,H,H,H,H,H,H,H,C,B,B,B,B
67,1,110,602,35.5,147,2.167,H,H,H,H,H,B,B,B,B,B,H,H,H,H,H,H,H,H,B,H,H,H,B,C,C,C,H,B,H,H,H,C,C,C,C,C,C,C,H,H,H,C,H,B,B,H,C,B,H,C,C,C,B,B,B,B,H,H,B,H,H,H,B,-,B,H,H,H,H,H,H,H,B,B,H,C,-,H,B,B,H,B,H,H,H,H,H,H,C,C,H,-,C,B,B,B,B
68,1,90,578,39.4,138,2.14,C,C,H,H,H,H,B,H,H,H,B,B,H,H,H,C,C,H,C,C,C,C,B,B,B,B,B,H,C,C,H,B,H,H,H,H,H,H,H,B,B,B,C,C,H,H,C,C,C,C,C,C,C,H,H,H,C,C,H,B,B,H,B,H,H,H,C,C,C,B,B,B,B,H,C,H,B,B,H,H,H,C,B,B,B,B,B,B,B,B,B,H,H,C,C,B,B
69,1,98,617,42.4,147,2.167,-,H,H,-,-,C,C,C,H,H,H,H,C,C,H,H,H,B,B,B,B,B,H,C,C,C,C,H,H,H,H,C,C,H,H,B,B,B,B,C,C,C,C,-,B,B,H,C,C,C,H,H,H,H,H,H,H,H,H,H,C,C,H,B,-,C,C,C,C,B,B,B,B,B,H,H,H,C,H,H,H,B,B,B,B,B,B,H,B,B,B,B,B,C,C,C,C
70,1,103,666,32.5,140,2.146,-,H,C,C,-,H,H,H,H,H,H,H,H,C,C,C,H,H,H,B,B,B,H,H,H,H,B,H,H,H,H,H,H,H,H,H,H,H,H,C,C,C,C,C,C,C,H,C,C,C,C,C,B,H,H,H,H,B,H,B,H,H,C,C,B,B,B,B,B,H,C,C,C,B,H,B,B,B,B,B,B,B,C,C,H,H,H,H,B,B,B,H,C,C,C,C,C
71,1,110,727,36.3,141,2.149,C,C,C,C,C,C,C,C,C,C,C,H,C,H,H,H,B,H,-,B,H,H,H,H,H,H,H,H,H,B,B,H,H,C,C,C,C,C,C,H,H,H,H,C,C,C,H,B,B,H,H,H,H,C,C,C,C,C,H,H,H,H,H,C,H,H,H,H,H,C,C,C,C,C,H,H,H,H,B,B,C,C,B,B,B,H,H,H,H,H,H,H,H,C,C,C,C
72,1,-,-,40.2,154,2.188,B,H,H,H,H,B,B,B,B,H,H,C,B,B,-,H,H,C,C,C,H,H,B,B,B,B,H,H,H,H,B,C,C,H,H,H,H,H,B,H,B,B,B,H,H,H,B,H,H,H,H,H,H,B,B,B,B,B,B,B,H,H,H,H,C,C,C,C,H,H,H,H,C,C,B,H,H,H,H,H,H,B,C,C,C,C,C,C,H,H,H,H,B,B,B,B,B
73,1,106,673,38.6,134,2.127,H,B,B,H,H,B,B,B,H,C,C,B,H,C,C,B,B,B,H,H,H,-,H,H,H,H,H,B,B,H,C,C,C,C,B,B,B,B,B,H,H,H,H,H,H,H,B,C,C,H,H,H,H,C,-,H,H,H,C,C,H,H,H,C,B,B,B,H,H,C,C,C,C,H,C,H,H,H,H,C,C,C,H,H,H,H,H,H,B,B,B,B,H,-,C,B,B
74,1,109,576,29.5,124,2.093,H,H,H,H,H,-,-,-,C,H,H,B,C,B,B,C,C,H,B,B,B,B,B,B,B,H,H,H,H,H,-,B,B,B,B,B,B,B,H,H,H,B,B,-,H,H,H,C,C,H,H,H,B,B,B,B,H,H,H,H,B,C,H,B,H,H,H,H,H,H,H,H,H,H,B,H,H,H,H,H,B,H,H,H,C,C,C,H,B,B,B,B,H,B,B,B,B
75,1,105,641,38.8,157,2.196,-,-,-,-,-,-,-,-,-,-,-,-,-,-,-,-,-,-,-,-,-,-,-,-,-,-,-,-,-,-,-,-,-,-,-,-,-,-,-,-,-,-,-,-,-,-,-,-,-,-,-,-,-,-,-,-,-,-,-,-,-,-,-,-,-,-,-,-,-,-,-,-,-,-,-,-,-,-,-,-,-,-,-,-,-,-,-,-,-,-,-,-,-,-,-,-,-
76,1,99,649,34.7,101,2.004,H,H,H,B,B,B,C,C,C,C,C,C,C,C,C,C,C,C,C,H,H,H,H,H,H,H,H,H,H,C,C,B,B,H,H,C,C,C,H,H,B,H,H,B,B,H,H,C,C,H,C,C,H,H,H,H,H,C,H,C,C,H,B,B,B,B,B,B,H,H,B,B,B,B,C,C,-,H,B,H,C,H,H,B,B,B,B,B,H,H,H,H,B,B,C,C,C
77,1,-,-,41.2,119,2.076,B,C,C,H,H,H,H,-,C,C,C,H,B,B,B,B,B,-,H,C,H,H,H,C,C,C,C,C,C,H,H,C,H,H,H,H,H,H,C,H,B,H,H,H,H,H,B,H,H,H,H,H,C,C,C,C,H,H,H,C,H,H,H,B,H,B,B,H,H,B,B,B,B,H,H,H,H,H,-,H,H,H,C,C,C,H,H,H,H,H,H,H,H,B,B,B,B
78,1,103,658,35.8,113,2.053,H,B,B,H,H,B,H,H,H,H,H,H,C,C,C,C,H,H,C,C,C,C,H,H,H,H,H,B,B,H,H,H,H,H,H,H,H,H,H,B,B,B,B,B,B,C,H,H,H,H,H,H,H,B,B,H,H,B,H,H,C,-,H,H,H,B,B,H,C,B,H,H,H,C,B,B,B,B,C,C,C,C,C,C,C,C,C,C,C,C,C,C,C,C,C,C,C
79,1,115,667,36.2,113,2.053,H,B,B,B,B,C,H,H,H,H,H,H,B,B,B,H,H,H,H,H,C,C,B,H,H,H,C,B,B,B,H,B,B,B,B,B,B,B,H,H,B,B,B,H,H,H,H,H,H,H,H,H,C,H,H,H,H,H,C,C,C,H,H,H,H,C,H,H,H,C,C,H,H,H,H,B,B,B,H,B,H,H,H,H,C,C,C,H,H,H,H,C,C,B,C,C,C
80,1,109,588,40.6,138,2.14,-,-,-,-,-,-,-,-,-,-,-,-,-,-,-,-,-,-,-,-,-,-,-,-,-,-,-,-,-,-,-,-,-,-,-,-,-,-,-,-,-,-,-,-,-,-,-,-,-,-,-,-,-,-,-,-,-,-,-,-,-,-,-,-,-,-,-,-,-,-,-,-,-,-,-,-,-,-,-,-,-,-,-,-,-,-,-,-,-,-,-,-,-,-,-,-,-
81,1,110,659,38,127,2.104,-,-,-,-,-,-,-,-,-,-,-,-,-,-,-,-,-,-,-,-,-,-,-,-,-,-,-,-,-,-,-,-,-,-,-,-,-,-,-,-,-,-,-,-,-,-,-,-,-,-,-,-,-,-,-,-,-,-,-,-,-,-,-,-,-,-,-,-,-,-,-,-,-,-,-,-,-,-,-,-,-,-,-,-,-,-,-,-,-,-,-,-,-,-,-,-,-
82,1,108,590,39.7,147,2.167,-,-,-,-,-,-,-,-,-,-,-,-,-,-,-,-,-,-,-,-,-,-,-,-,-,-,-,-,-,-,-,-,-,-,-,-,-,-,-,-,-,-,-,-,-,-,-,-,-,-,-,-,-,-,-,-,-,-,-,-,-,-,-,-,-,-,-,-,-,-,-,-,-,-,-,-,-,-,-,-,-,-,-,-,-,-,-,-,-,-,-,-,-,-,-,-,-
83,1,96,605,41.1,159,2.201,C,H,H,H,H,C,C,C,H,H,H,C,H,C,C,C,H,H,H,C,H,H,B,B,B,B,H,H,H,C,C,H,H,H,H,H,H,H,C,B,B,H,C,H,H,H,H,H,C,C,B,B,H,C,C,C,H,H,H,H,C,C,H,C,C,C,H,H,H,H,H,H,H,B,H,C,H,H,C,C,C,C,H,H,H,H,H,-,B,B,B,B,B,B,B,B,B
84,1,95,560,44.6,160,2.204,H,H,H,C,C,H,H,H,H,H,H,C,C,C,C,C,C,C,C,H,H,H,H,H,H,H,-,H,H,-,C,H,H,H,H,H,C,H,H,C,H,H,H,H,B,H,H,C,C,H,H,H,B,H,H,H,H,H,B,H,B,-,H,C,H,H,H,H,H,B,B,H,H,C,H,H,H,H,B,B,B,H,H,H,H,H,H,H,H,H,H,H,H,C,C,C,C
85,1,123,668,40.9,140,2.146,C,H,B,H,H,B,B,H,H,H,C,-,B,B,B,H,H,H,C,C,H,H,C,C,C,C,C,B,B,B,B,H,H,B,B,B,B,B,B,H,H,C,C,C,H,H,H,H,H,C,H,H,C,H,H,H,H,B,B,H,B,C,H,H,C,C,H,H,H,C,C,C,C,H,C,C,C,C,C,C,C,C,H,H,H,H,H,H,H,H,H,C,C,C,C,C,C
86,1,109,587,40.6,135,2.13,-,-,-,-,-,-,-,-,-,-,-,-,-,-,-,-,-,-,-,-,-,-,-,-,-,-,-,-,-,-,-,-,-,-,-,-,-,-,-,-,-,-,-,-,-,-,-,-,-,-,-,-,-,-,-,-,-,-,-,-,-,-,-,-,-,-,-,-,-,-,-,-,-,-,-,-,-,-,-,-,-,-,-,-,-,-,-,-,-,-,-,-,-,-,-,-,-
87,1,105,633,37.4,148,2.17,C,C,H,B,B,H,H,H,H,H,H,-,H,B,B,B,B,-,-,B,H,H,C,-,B,B,H,H,H,B,B,H,H,H,H,H,H,-,B,H,C,H,H,H,H,B,-,H,C,H,H,H,B,B,B,B,B,H,C,B,B,C,H,B,C,C,C,C,C,C,C,H,H,H,H,H,H,H,-,H,H,H,B,B,B,H,H,H,H,B,B,B,B,B,B,B,C
88,1,90,593,38.5,131,2.117,C,C,C,B,B,H,C,H,H,H,H,B,C,C,C,H,H,B,H,H,H,H,H,H,H,C,C,C,H,H,H,B,B,H,C,C,C,C,C,H,H,H,H,H,H,H,C,C,C,C,H,H,H,H,H,H,H,B,B,B,C,H,B,B,H,H,B,B,B,B,B,B,B,B,B,B,B,B,H,H,H,B,C,C,C,C,C,C,H,H,H,H,B,B,B,C,B
89,1,113,590,34.4,133,2.124,B,H,H,H,C,H,B,H,H,H,H,B,B,B,C,B,H,B,B,B,C,C,B,B,B,B,H,C,H,H,H,H,H,H,H,H,H,H,H,H,H,H,H,H,H,H,-,B,B,B,B,B,B,H,H,H,H,C,H,C,C,H,B,H,H,H,H,H,H,C,C,C,C,B,B,H,H,H,H,-,C,B,H,H,H,H,H,-,H,H,H,H,B,C,C,B,B
90,1,113,532,34.1,134,2.127,H,H,H,-,B,B,B,B,B,B,H,H,H,H,H,H,H,H,H,C,H,H,H,H,H,B,H,B,H,H,C,C,C,C,C,C,C,C,H,H,H,C,C,H,C,C,H,H,H,B,B,H,B,H,H,H,C,C,H,H,H,H,B,B,H,H,C,C,H,C,H,H,C,C,B,H,H,H,B,B,B,B,H,H,H,H,H,C,H,H,H,B,B,C,C,B,B
91,1,105,655,36.1,117,2.068,-,-,-,-,-,-,-,-,-,-,-,-,-,-,-,-,-,-,-,-,-,-,-,-,-,-,-,-,-,-,-,-,-,-,-,-,-,-,-,-,-,-,-,-,-,-,-,-,-,-,-,-,-,-,-,-,-,-,-,-,-,-,-,-,-,-,-,-,-,-,-,-,-,-,-,-,-,-,-,-,-,-,-,-,-,-,-,-,-,-,-,-,-,-,-,-,-
92,1,106,632,40.9,141,2.149,-,-,-,-,-,-,-,-,-,-,-,-,-,-,-,-,-,-,-,-,-,-,-,-,-,-,-,-,-,-,-,-,-,-,-,-,-,-,-,-,-,-,-,-,-,-,-,-,-,-,-,-,-,-,-,-,-,-,-,-,-,-,-,-,-,-,-,-,-,-,-,-,-,-,-,-,-,-,-,-,-,-,-,-,-,-,-,-,-,-,-,-,-,-,-,-,-
93,1,100,591,36.5,140,2.146,H,H,H,C,C,H,H,H,H,C,C,H,C,C,C,H,H,H,B,B,C,C,B,B,B,B,B,H,H,B,B,H,H,H,H,H,H,H,H,H,B,H,H,C,C,C,C,H,C,H,H,H,B,H,H,H,C,C,C,H,H,H,H,H,H,H,B,B,B,C,C,C,C,C,H,H,C,C,C,C,H,C,H,H,H,H,H,H,H,H,H,B,B,B,C,C,B
94,1,-,-,37.5,146,2.164,-,-,-,-,-,-,-,-,-,-,-,-,-,-,-,-,-,-,-,-,-,-,-,-,-,-,-,-,-,-,-,-,-,-,-,-,-,-,-,-,-,-,-,-,-,-,-,-,-,-,-,-,-,-,-,-,-,-,-,-,-,-,-,-,-,-,-,-,-,-,-,-,-,-,-,-,-,-,-,-,-,-,-,-,-,-,-,-,-,-,-,-,-,-,-,-,-
95,1,102,596,39.7,127,2.104,H,H,B,H,H,H,C,C,H,H,H,B,H,C,C,C,C,B,B,H,C,C,B,H,H,C,C,B,B,H,H,B,B,B,B,B,B,B,B,B,B,H,H,B,B,B,B,C,C,C,H,H,C,C,H,H,B,B,H,B,B,C,C,H,C,C,H,H,C,B,B,B,H,H,H,H,C,C,H,H,B,H,H,H,H,H,H,C,H,C,C,C,H,B,B,B,B
96,1,118,573,32.4,127,2.104,H,H,H,H,B,B,B,B,B,B,B,H,H,H,H,H,B,C,C,C,C,C,H,B,B,B,H,H,B,B,H,B,B,B,B,B,C,B,H,C,C,C,H,C,C,C,C,C,H,H,C,C,H,B,B,B,H,H,B,B,H,C,H,H,C,C,C,C,C,H,H,H,H,H,H,C,-,H,C,C,C,C,H,H,C,C,C,C,C,C,C,C,C,C,C,B,B
97,1,108,631,38.2,122,2.086,-,-,-,-,-,-,-,-,-,-,-,-,-,-,-,-,-,-,-,-,-,-,-,-,-,-,-,-,-,-,-,-,-,-,-,-,-,-,-,-,-,-,-,-,-,-,-,-,-,-,-,-,-,-,-,-,-,-,-,-,-,-,-,-,-,-,-,-,-,-,-,-,-,-,-,-,-,-,-,-,-,-,-,-,-,-,-,-,-,-,-,-,-,-,-,-,-
98,1,104,553,31.4,130,2.114,H,C,C,H,H,B,H,C,C,C,H,B,B,B,B,H,H,-,C,C,H,H,H,H,H,H,H,C,H,H,H,B,B,H,H,H,H,H,C,B,B,H,H,C,C,C,C,C,C,C,C,H,B,H,H,H,C,C,B,C,H,B,-,-,B,H,H,B,B,H,H,H,H,H,C,C,C,C,-,-,H,B,B,-,H,H,H,H,B,B,-,-,-,B,B,C,C
99,1,112,699,34.6,127,2.104,H,H,H,H,H,H,H,C,C,C,C,H,C,C,C,C,C,H,H,H,H,H,H,H,H,H,H,H,H,C,H,C,C,B,B,B,B,B,C,C,C,C,B,C,C,C,H,B,B,B,H,H,H,H,H,H,B,B,C,H,B,C,H,B,C,H,H,H,B,C,C,C,C,B,H,C,C,C,B,B,B,B,H,H,H,H,H,H,B,B,B,B,B,B,C,C,C
100,1,107,586,36.2,106,2.025,H,H,H,H,H,H,H,H,H,H,H,H,H,H,H,H,B,-,H,B,B,-,H,C,H,H,-,B,H,-,C,H,C,C,C,C,H,H,H,B,B,B,B,C,C,H,H,H,H,H,B,B,H,H,H,H,B,B,B,B,C,B,B,-,B,B,H,H,C,H,H,H,H,H,H,H,H,H,-,B,C,B,B,B,B,H,H,B,B,B,-,-,-,C,C,B,B
101,1,-,-,44.7,135,2.13,B,B,B,H,H,H,H,B,B,B,H,H,H,C,C,H,B,C,C,C,C,C,H,H,H,H,H,H,H,H,H,H,B,H,H,H,H,H,C,B,B,B,H,B,B,B,H,H,H,C,C,H,H,B,H,H,H,B,B,B,B,H,H,H,H,H,H,H,B,B,B,H,H,H,B,H,H,H,H,H,H,H,H,H,H,H,H,H,H,H,H,H,H,B,B,B,B
102,1,100,606,37.5,107,2.029,H,H,H,H,H,H,H,H,B,B,B,H,C,C,C,H,H,H,C,C,C,C,H,H,H,H,B,B,B,H,H,H,H,H,H,H,B,B,B,H,B,B,B,H,C,C,H,B,B,H,H,H,B,B,B,H,C,C,C,H,-,H,B,B,H,H,B,H,H,H,H,H,B,B,B,H,H,H,B,B,B,H,B,B,B,B,B,H,C,H,H,H,H,C,C,C,C
103,1,108,570,35.7,128,2.107,-,-,-,-,-,-,-,-,-,-,-,-,-,-,-,-,-,-,-,-,-,-,-,-,-,-,-,-,-,-,-,-,-,-,-,-,-,-,-,-,-,-,-,-,-,-,-,-,-,-,-,-,-,-,-,-,-,-,-,-,-,-,-,-,-,-,-,-,-,-,-,-,-,-,-,-,-,-,-,-,-,-,-,-,-,-,-,-,-,-,-,-,-,-,-,-,-
104,1,121,595,37.6,93,1.968,B,H,C,C,C,H,H,H,H,H,H,H,H,H,H,H,H,H,H,H,H,H,H,C,C,C,C,C,C,H,H,C,C,C,B,B,B,B,B,C,H,H,H,H,B,B,B,H,C,C,C,C,H,H,H,H,H,B,H,H,H,H,B,B,H,H,H,H,H,C,C,C,C,C,H,H,H,H,H,C,H,H,B,B,H,H,H,H,H,B,B,B,B,B,B,B,B
105,1,109,600,35.1,117,2.068,H,H,H,H,H,C,C,C,C,C,C,B,B,B,B,H,B,B,-,H,H,H,B,B,B,B,H,H,H,C,C,C,C,C,C,C,C,C,H,B,B,B,B,C,C,H,-,C,C,C,C,C,C,H,H,H,H,H,B,B,B,H,C,C,H,H,H,H,H,C,C,C,C,H,C,C,B,B,H,H,H,B,C,C,H,H,H,H,C,C,C,C,H,B,B,B,B
106,1,111,635,38.6,102,2.009,B,H,B,B,B,H,B,B,B,H,H,C,H,H,H,H,H,-,-,C,C,C,C,C,C,H,H,H,H,B,B,H,B,H,H,H,H,H,H,H,C,C,C,C,C,C,H,H,H,C,C,C,H,H,H,H,H,H,B,H,B,H,B,B,H,B,B,B,B,H,H,H,H,H,H,H,H,H,-,C,C,B,H,H,H,H,H,H,H,H,H,H,H,B,B,B,B
107,1,117,630,44.9,161,2.207,B,H,H,C,C,H,H,H,H,H,H,H,H,H,H,H,H,H,B,H,B,B,H,B,B,B,B,H,H,B,B,B,B,B,H,H,H,H,H,C,H,H,H,H,H,C,C,H,H,H,B,B,C,C,C,C,C,H,H,B,B,H,B,B,H,H,H,H,H,B,B,B,H,C,B,H,H,H,B,B,B,B,H,B,B,H,H,H,C,C,B,B,B,B,B,B,C
108,1,101,548,42.9,150,2.176,B,B,B,B,B,B,B,B,B,B,B,B,B,H,H,H,H,B,B,H,B,B,C,C,C,H,C,C,C,C,B,C,C,H,H,H,B,H,C,B,H,H,H,C,H,H,C,B,B,H,B,B,C,H,H,H,H,H,H,B,B,B,H,B,B,B,H,H,B,H,B,B,B,B,B,B,B,B,C,C,C,B,H,H,H,H,H,H,B,B,B,H,H,B,C,C,C
109,1,98,603,31.7,119,2.076,H,H,H,B,B,C,C,C,C,H,H,H,B,B,B,H,C,H,H,H,H,B,H,B,B,B,H,B,B,C,H,C,C,H,H,H,H,H,H,H,B,H,H,H,B,B,H,C,C,B,B,B,B,B,B,B,H,H,B,H,H,B,H,H,B,B,B,B,B,H,H,H,B,B,B,B,B,H,C,C,C,C,H,H,H,H,H,C,-,H,B,H,H,B,C,C,B
110,1,-,-,35,125,2.097,H,H,H,H,B,B,H,C,C,C,C,C,H,H,H,H,H,H,H,C,C,C,H,C,C,C,C,B,C,C,C,C,C,C,C,H,H,H,B,H,H,H,H,H,B,B,H,H,H,H,H,B,C,H,H,H,C,H,C,H,H,B,C,C,B,H,C,C,C,B,C,C,C,C,B,B,B,B,C,C,H,H,B,B,B,B,B,B,H,H,H,H,C,B,B,B,B
111,1,105,647,27.5,136,2.134,B,B,B,B,H,C,C,C,C,C,C,C,H,B,B,H,H,H,B,B,H,H,H,H,C,H,H,B,C,C,C,B,B,B,B,B,B,B,B,H,B,B,H,H,H,B,H,H,H,B,B,B,H,H,H,H,H,H,C,H,H,C,H,H,C,C,C,C,H,H,H,H,H,H,H,C,C,C,H,H,H,H,H,H,H,C,C,C,H,H,H,H,C,C,C,C,C
112,1,104,649,30.5,122,2.086,H,H,H,C,C,H,H,H,H,C,C,C,B,B,B,C,C,H,H,H,H,H,B,B,B,B,B,H,H,C,C,B,H,H,B,B,B,B,B,C,C,C,H,H,B,B,B,C,C,C,H,H,H,B,B,B,H,H,B,B,H,C,C,C,C,C,C,C,C,H,H,H,H,H,H,C,C,C,C,C,H,H,C,C,H,H,H,H,C,C,C,H,H,C,C,C,C
113,1,100,748,40.1,92,1.964,C,C,C,H,H,H,H,-,C,C,C,C,H,H,H,H,B,C,B,B,H,H,H,H,H,H,C,H,H,H,H,C,C,C,C,C,H,H,B,H,H,C,C,H,H,H,H,H,H,C,C,C,C,C,C,C,H,H,B,C,H,C,C,C,H,H,H,H,H,B,B,B,B,B,B,B,H,H,H,H,H,H,C,H,B,B,B,B,H,H,H,C,H,C,C,B,B
114,1,103,528,40.5,120,2.079,B,B,B,B,B,B,B,B,B,B,B,H,H,H,H,C,C,B,B,B,C,C,H,H,H,H,H,C,H,B,B,H,H,H,-,C,C,C,C,H,H,C,C,C,C,C,B,C,C,B,B,B,H,H,H,H,H,H,H,H,H,B,H,B,C,C,C,C,C,B,B,-,H,H,B,B,B,B,H,H,C,C,H,H,H,B,H,H,H,C,C,C,H,C,C,B,B
115,1,119,725,32,95,1.978,H,B,C,B,B,H,C,C,C,C,C,H,C,H,H,H,H,C,C,H,H,H,B,B,H,C,H,C,C,C,C,H,C,C,C,H,H,H,H,H,B,H,H,H,C,C,H,B,B,H,C,C,H,H,H,H,H,H,B,C,H,C,H,H,C,C,H,H,H,H,C,C,C,C,B,B,B,B,C,C,B,B,H,H,H,H,H,H,H,H,H,H,B,C,C,B,B
116,1,106,712,27.6,129,2.111,H,B,H,B,B,H,C,C,C,C,C,B,B,B,H,H,H,C,C,C,H,H,C,C,C,C,B,H,H,H,B,B,B,H,H,H,H,H,B,C,H,H,H,H,H,H,H,B,B,B,H,C,H,H,H,H,H,H,B,H,H,H,H,H,H,H,B,B,B,B,H,H,H,H,H,B,H,H,H,H,H,H,H,H,H,H,H,H,H,B,B,B,B,B,B,C,C
117,1,107,678,26.5,103,2.013,B,B,B,B,B,B,H,H,H,H,H,C,B,B,B,B,H,H,H,C,B,B,H,B,B,B,H,C,C,C,C,H,H,H,H,H,H,H,H,C,B,B,H,H,H,H,H,B,B,H,C,C,H,H,H,H,B,B,H,H,B,C,H,H,H,H,B,B,B,H,H,H,B,H,C,C,C,C,B,B,H,H,H,H,H,C,C,C,B,B,B,H,H,B,B,C,C
118,1,81,602,38,132,2.121,B,H,H,H,H,H,B,-,H,H,H,H,H,H,C,C,C,C,C,C,C,C,H,H,H,C,H,B,B,B,B,H,C,H,H,H,H,H,B,H,H,B,B,B,B,H,C,H,H,C,C,C,H,C,C,C,H,H,H,H,B,B,B,H,H,H,H,H,H,B,B,B,B,B,C,C,H,H,H,H,H,H,B,B,B,B,B,C,H,H,H,C,C,B,C,C,C
119,1,104,498,31.1,152,2.182,H,H,H,H,H,H,H,-,B,B,B,H,B,B,B,B,C,C,C,B,H,H,H,H,H,B,B,C,H,H,H,B,B,B,B,B,B,B,H,B,B,B,H,H,H,B,H,H,H,H,B,B,H,B,B,B,C,C,B,B,B,H,B,B,C,C,C,C,C,B,B,B,B,B,C,C,C,C,B,B,B,B,B,B,B,B,B,H,C,C,C,C,C,B,B,B,B
120,1,107,631,35.3,153,2.185,C,H,B,C,C,H,H,H,H,H,H,H,H,C,H,H,-,C,C,C,C,C,H,C,C,C,H,C,C,H,B,H,H,H,B,B,B,B,H,H,H,C,C,C,C,C,C,B,B,H,H,H,H,H,H,H,H,H,B,B,B,H,B,-,H,H,B,B,B,H,H,H,H,H,B,B,B,H,H,H,H,H,H,H,C,C,C,H,B,B,H,H,H,B,B,C,C
121,1,106,616,33.6,117,2.068,C,H,B,H,H,B,H,H,H,H,H,H,-,B,B,B,-,H,B,B,H,H,H,B,B,B,H,H,B,H,H,B,H,H,C,C,C,C,H,H,H,H,H,C,H,B,-,H,H,H,H,H,H,B,B,B,H,H,H,C,C,C,C,B,H,H,B,B,B,H,H,H,H,H,B,B,B,B,C,C,H,H,H,H,H,H,H,H,H,H,H,H,H,B,B,B,B
122,1,98,603,33.9,118,2.072,-,-,-,-,-,-,-,-,-,-,-,-,-,-,-,-,-,-,-,-,-,-,-,-,-,-,-,-,-,-,-,-,-,-,-,-,-,-,-,-,-,-,-,-,-,-,-,-,-,-,-,-,-,-,-,-,-,-,-,-,-,-,-,-,-,-,-,-,-,-,-,-,-,-,-,-,-,-,-,-,-,-,-,-,-,-,-,-,-,-,-,-,-,-,-,-,-
123,1,-,-,31,122,2.086,-,-,-,-,-,-,-,-,-,-,-,-,-,-,-,-,-,-,-,-,-,-,-,-,-,-,-,-,-,-,-,-,-,-,-,-,-,-,-,-,-,-,-,-,-,-,-,-,-,-,-,-,-,-,-,-,-,-,-,-,-,-,-,-,-,-,-,-,-,-,-,-,-,-,-,-,-,-,-,-,-,-,-,-,-,-,-,-,-,-,-,-,-,-,-,-,-
124,1,109,662,30.3,100,2,H,H,H,H,H,B,B,B,B,B,B,B,H,B,B,H,H,B,H,C,C,C,H,H,H,C,H,H,B,B,H,H,H,H,H,H,H,H,H,B,B,B,C,H,H,H,H,H,H,H,C,C,C,C,C,C,H,B,B,B,B,B,H,H,B,H,H,H,H,H,H,H,H,H,H,C,H,H,H,B,B,H,C,-,H,H,H,H,B,B,H,H,H,B,B,B,B
125,1,101,618,32.5,121,2.083,-,-,-,-,-,-,-,-,-,-,-,-,-,-,-,-,-,-,-,-,-,-,-,-,-,-,-,-,-,-,-,-,-,-,-,-,-,-,-,-,-,-,-,-,-,-,-,-,-,-,-,-,-,-,-,-,-,-,-,-,-,-,-,-,-,-,-,-,-,-,-,-,-,-,-,-,-,-,-,-,-,-,-,-,-,-,-,-,-,-,-,-,-,-,-,-,-
126,1,107,600,35,198,2.297,H,H,B,H,H,C,C,-,H,H,B,H,-,B,B,H,H,C,C,C,-,H,B,B,B,B,B,B,H,H,B,C,C,C,C,H,H,H,H,H,C,C,C,B,B,H,-,B,B,B,B,B,C,H,H,H,C,C,B,C,C,H,H,C,C,C,C,H,C,C,H,H,H,H,B,B,B,B,H,H,C,C,H,H,H,H,H,H,B,B,B,B,H,B,B,B,B
127,1,98,659,29.9,129,2.111,B,B,B,B,H,B,B,-,H,H,H,H,C,C,C,H,H,C,C,H,H,H,H,H,C,C,C,C,C,C,C,C,C,C,C,C,H,H,B,C,C,H,H,H,H,H,H,B,B,B,H,H,H,C,C,C,C,C,H,H,H,C,C,C,B,B,B,B,-,B,C,C,C,C,C,C,H,H,C,C,C,C,H,H,B,B,H,B,C,C,C,C,H,C,C,C,C
128,1,92,614,37.2,115,2.061,B,B,H,C,C,H,B,B,B,B,B,H,H,B,B,B,H,H,H,H,C,C,B,B,B,B,H,B,B,B,H,H,H,H,H,H,H,H,B,H,H,C,H,H,H,H,H,H,H,C,C,C,H,H,H,H,C,C,C,C,H,H,C,C,H,H,H,B,B,C,H,H,H,B,H,B,B,H,H,H,H,C,H,H,H,H,H,H,C,C,C,B,B,B,B,B,B
129,1,97,575,35.3,118,2.072,H,C,H,C,C,B,B,-,H,H,H,H,H,C,C,C,H,C,C,H,B,-,H,H,H,H,C,B,H,H,H,H,H,H,H,H,H,H,B,C,C,C,C,H,B,B,B,C,C,H,H,H,B,H,H,C,C,C,B,H,H,H,B,B,H,C,C,C,C,H,C,H,C,C,H,H,H,C,C,C,C,H,H,H,H,H,-,C,H,B,B,B,B,B,B,B,B
130,1,99,633,33.7,117,2.068,H,H,H,H,H,H,H,-,B,B,B,H,C,C,C,H,B,H,H,H,H,H,H,H,H,H,C,H,H,C,C,C,B,B,H,H,H,H,H,B,H,H,H,B,B,B,H,B,B,B,B,H,B,H,C,C,C,H,H,H,H,H,B,B,C,C,H,H,H,H,H,C,C,C,C,C,C,C,H,H,H,B,H,C,C,H,C,C,B,B,B,B,C,C,C,C,C
131,1,112,708,29,109,2.037,H,B,B,B,B,H,H,H,H,H,H,C,B,B,B,B,H,C,H,H,B,B,H,H,H,C,C,H,C,H,H,B,B,B,B,B,B,B,B,H,H,H,H,B,B,B,H,B,B,B,B,B,H,B,H,H,H,C,H,H,H,H,H,-,C,C,H,H,-,H,H,H,B,B,H,H,H,H,C,C,C,H,C,H,H,H,H,B,H,H,C,C,H,B,B,B,B
132,1,105,581,39.2,87,1.94,H,H,B,C,H,H,H,H,H,B,B,H,B,H,C,H,H,H,B,B,H,H,H,H,H,C,H,B,B,B,H,H,H,H,B,B,B,B,B,B,B,B,B,H,H,B,H,C,C,H,B,H,C,C,C,C,H,H,H,C,C,B,B,B,B,B,B,H,-,H,B,B,B,B,B,B,H,H,C,C,H,H,H,H,H,H,H,B,C,C,C,C,C,B,B,C,C
133,1,109,549,36.3,136,2.134,H,B,B,B,H,B,B,-,C,C,C,C,C,H,H,H,H,H,B,B,H,H,H,B,B,B,H,C,C,C,H,H,H,H,H,H,H,H,H,H,C,C,C,C,H,H,H,H,H,C,H,H,H,C,C,C,H,H,B,B,H,H,C,-,C,C,H,H,H,H,H,H,H,H,H,B,B,B,B,H,C,C,H,-,B,B,B,B,H,H,H,H,C,B,B,B,B
134,1,104,647,32.2,145,2.161,H,H,B,B,B,H,C,C,C,C,C,C,B,B,B,C,C,H,H,H,H,H,H,B,H,H,C,C,C,C,C,H,C,C,C,C,C,C,H,B,B,H,H,H,H,H,H,B,B,H,H,H,H,H,H,H,H,H,C,H,H,C,B,B,C,C,H,H,-,C,H,C,H,H,C,C,H,H,H,H,H,B,B,B,B,B,B,B,H,H,H,H,H,B,B,B,B
135,1,108,623,38.3,175,2.243,C,H,B,H,H,H,C,-,H,H,H,B,C,B,B,B,H,C,C,H,H,H,H,B,H,H,H,B,B,B,B,H,H,B,B,B,B,B,B,H,B,H,H,H,C,C,C,H,H,H,B,H,C,C,C,C,H,H,H,H,C,B,H,-,H,H,H,B,B,H,H,H,H,H,H,H,H,H,H,H,H,H,B,B,B,B,B,H,H,H,H,H,H,B,B,B,B
136,1,111,571,38.8,158,2.199,B,B,H,H,H,C,C,-,H,H,H,C,-,H,H,H,H,H,B,B,H,H,H,H,H,H,H,H,B,B,B,C,C,H,B,B,B,B,B,H,B,B,B,H,H,C,-,B,B,B,B,B,H,B,B,B,B,B,C,B,B,H,H,B,H,H,H,H,B,B,B,B,C,C,B,H,H,H,B,B,B,B,H,H,C,C,C,C,H,H,H,H,H,C,C,C,C
137,1,115,589,33.2,107,2.029,C,C,B,C,C,C,H,-,B,H,H,H,C,H,H,C,C,H,H,B,H,H,C,C,C,H,H,B,C,C,C,C,C,C,H,H,H,H,H,B,B,B,H,B,-,H,C,H,H,H,C,C,B,B,B,B,B,H,C,H,C,H,B,B,H,H,B,B,-,H,C,H,C,C,C,C,B,B,H,H,C,H,H,-,C,C,C,H,H,H,H,H,H,C,C,C,C
138,1,115,568,29.9,97,1.987,H,B,H,B,B,B,B,B,B,B,B,H,C,C,C,B,B,B,B,B,B,B,H,H,H,H,B,B,B,B,B,H,H,H,H,H,H,H,H,H,B,B,B,B,B,B,B,C,C,C,C,C,H,H,H,H,B,B,B,H,H,H,H,H,C,C,C,C,C,C,H,C,H,H,H,H,C,C,H,H,H,H,H,-,C,-,H,H,H,B,B,B,H,C,B,B,B
139,1,115,658,33.1,113,2.053,C,C,H,H,B,C,C,-,H,H,H,B,H,-,C,H,-,H,B,B,-,C,C,C,C,H,B,H,H,H,C,B,B,B,B,B,H,H,H,H,C,C,C,B,B,B,H,H,H,B,H,H,H,H,H,H,H,H,H,H,H,C,H,-,C,H,B,B,B,H,H,B,H,C,H,H,C,C,B,B,B,B,C,C,C,C,C,C,C,C,C,C,C,B,B,B,B
140,1,104,604,34.4,149,2.173,C,C,B,H,H,H,H,H,H,H,B,B,C,C,C,C,H,B,H,C,C,C,H,H,H,H,H,H,H,C,C,H,H,H,B,B,B,B,B,H,H,H,H,H,C,C,H,B,B,B,B,B,B,H,H,H,H,H,C,C,C,C,B,B,H,H,H,H,B,H,H,H,C,H,H,B,B,B,B,B,H,H,C,C,C,C,C,C,B,H,H,H,H,B,B,B,B
141,1,102,601,38.7,124,2.093,-,-,-,-,-,-,-,-,-,-,-,-,-,-,-,-,-,-,-,-,-,-,-,-,-,-,-,-,-,-,-,-,-,-,-,-,-,-,-,-,-,-,-,-,-,-,-,-,-,-,-,-,-,-,-,-,-,-,-,-,-,-,-,-,-,-,-,-,-,-,-,-,-,-,-,-,-,-,-,-,-,-,-,-,-,-,-,-,-,-,-,-,-,-,-,-,-
142,1,105,674,37.3,127,2.104,H,H,H,H,H,H,C,C,C,C,C,H,B,H,H,B,B,B,B,H,H,H,H,H,H,H,B,H,H,B,B,B,H,H,H,H,H,H,H,B,H,H,H,H,H,C,C,H,H,B,B,B,H,H,H,H,H,H,C,C,B,C,C,-,H,B,H,H,-,H,H,C,H,C,B,B,H,H,C,C,C,C,B,B,B,B,B,B,H,B,B,B,H,B,B,C,C
143,1,106,569,29.2,116,2.064,C,H,B,C,C,B,B,-,H,C,C,C,B,H,H,H,C,H,B,B,H,H,H,H,H,H,H,H,H,H,H,B,B,B,B,B,B,B,B,H,H,H,C,B,B,H,H,H,H,H,H,H,B,B,B,B,C,C,H,H,B,H,C,C,B,B,B,B,B,H,C,C,C,C,C,C,C,C,H,H,H,H,C,C,H,H,H,H,H,B,B,B,H,C,C,C,C
144,1,108,504,30.6,144,2.158,H,H,B,B,B,C,C,C,C,C,C,C,H,H,B,B,B,C,C,H,H,H,H,C,C,C,H,C,C,H,H,H,H,B,B,B,H,H,H,B,H,H,B,H,H,H,B,B,B,B,B,H,H,H,H,C,C,H,H,C,C,C,H,-,H,H,H,B,B,H,B,B,H,H,C,C,H,H,B,B,B,H,B,B,B,B,B,B,H,H,H,H,H,C,C,C,C
145,1,98,556,33.2,105,2.021,H,H,H,H,H,H,H,H,H,H,H,H,H,H,H,C,C,H,B,B,C,C,B,H,H,B,B,B,H,C,H,H,H,H,H,H,H,H,H,H,B,H,H,H,C,C,C,C,C,C,C,C,H,B,B,B,B,B,C,C,B,H,H,H,H,H,H,H,B,H,B,B,B,B,C,C,C,C,H,H,H,H,H,H,H,H,C,H,H,H,H,H,H,C,C,B,B
146,1,96,603,37.5,144,2.158,H,H,H,H,H,H,H,H,H,H,C,C,B,B,B,B,H,B,H,H,H,H,B,B,B,B,H,B,B,B,B,C,C,H,H,H,H,H,C,B,H,C,C,C,C,C,H,B,B,B,B,B,H,H,H,H,H,H,H,C,H,B,C,C,H,H,H,H,-,H,H,H,H,B,H,H,H,H,B,B,B,B,B,H,C,C,H,C,H,H,H,C,C,B,B,C,C
147,1,118,548,38.8,110,2.041,B,B,B,B,H,B,B,-,H,H,H,H,-,H,H,C,H,B,B,B,C,C,H,H,H,H,C,B,B,B,B,H,H,H,B,B,B,B,B,C,C,C,C,B,B,H,-,H,H,C,C,C,B,B,B,H,C,C,H,H,H,H,H,B,B,H,H,C,H,H,H,H,C,C,B,H,H,H,H,H,H,H,C,C,C,C,C,H,H,H,C,H,H,C,C,B,B
148,1,107,538,42.2,154,2.188,H,H,H,C,C,B,B,-,H,H,H,H,H,H,H,H,B,B,B,B,C,C,B,H,H,H,H,H,H,H,H,H,H,B,B,B,H,H,H,H,B,B,B,H,H,C,C,H,H,H,H,H,C,C,C,C,C,C,H,H,H,C,B,B,H,H,H,H,H,H,H,H,H,H,C,H,H,H,B,B,B,H,H,H,H,B,H,H,C,C,H,H,C,B,B,B,C
149,1,110,526,38.8,136,2.134,H,H,C,H,H,C,C,C,C,H,H,H,-,-,H,H,-,C,C,H,B,C,C,C,H,B,B,H,H,C,C,H,H,H,H,H,H,H,B,C,C,H,H,H,H,H,-,C,C,C,H,H,H,C,C,C,C,H,H,H,C,C,C,C,C,C,C,H,H,H,B,C,H,H,H,H,H,C,H,H,H,B,H,H,C,H,H,H,H,B,B,B,H,B,B,B,B
150,1,110,570,40,157,2.196,H,H,H,H,H,H,H,H,H,H,H,C,H,H,H,C,H,H,H,H,C,C,C,C,H,H,B,H,H,C,C,C,C,H,H,H,H,H,H,H,H,H,H,B,B,H,C,B,B,B,H,H,H,B,B,B,B,H,B,C,C,B,B,B,H,C,C,C,C,H,H,C,H,C,H,C,C,C,B,B,B,H,H,H,H,H,H,H,H,C,C,C,C,B,B,B,B
151,1,108,657,35.9,95,1.978,H,H,H,H,H,C,C,-,H,B,B,C,C,C,C,B,B,B,B,H,H,H,H,H,H,H,H,H,H,H,H,H,H,B,B,B,B,B,B,H,H,B,B,C,C,H,H,C,C,C,C,C,H,H,H,H,H,H,C,C,H,C,H,H,H,H,H,H,H,H,H,H,C,C,H,H,H,H,H,H,H,H,H,H,H,H,H,H,B,B,B,B,H,C,C,C,C
152,1,106,557,36,179,2.253,C,B,B,B,H,C,C,C,C,H,H,H,H,H,H,H,B,C,C,H,-,B,C,C,H,H,H,H,C,C,C,B,B,B,B,B,B,B,H,C,C,C,H,-,H,H,C,H,B,B,H,H,H,H,H,H,H,H,H,B,B,H,B,H,H,H,C,C,-,H,B,-,H,H,H,H,H,H,B,B,C,C,B,B,B,H,H,H,H,H,B,H,H,C,C,C,C
153,1,98,613,34.3,168,2.225,-,-,-,-,-,-,-,-,-,-,-,-,-,-,-,-,-,-,-,-,-,-,-,-,-,-,-,-,-,-,-,-,-,-,-,-,-,-,-,-,-,-,-,-,-,-,-,-,-,-,-,-,-,-,-,-,-,-,-,-,-,-,-,-,-,-,-,-,-,-,-,-,-,-,-,-,-,-,-,-,-,-,-,-,-,-,-,-,-,-,-,-,-,-,-,-,-
154,1,109,596,31.6,93,1.968,H,H,B,H,H,H,H,-,B,B,B,H,B,B,B,H,H,H,B,B,B,B,C,C,C,C,C,H,H,H,B,H,H,H,C,C,C,C,C,H,C,C,C,H,H,H,H,C,C,H,H,C,H,B,B,B,B,H,B,H,H,B,B,B,B,B,B,B,B,H,H,H,C,C,C,C,C,C,H,H,C,C,H,H,H,H,H,H,H,H,H,H,H,C,C,B,B
155,1,97,637,38.7,93,1.968,B,B,B,B,B,C,H,-,B,B,B,H,H,H,H,C,H,H,C,C,C,C,H,H,H,H,B,C,C,C,C,C,C,C,H,B,B,B,B,H,C,H,H,B,B,H,H,C,H,H,H,H,C,H,H,H,H,H,H,H,H,H,C,H,H,H,B,B,B,H,B,-,H,H,H,H,B,B,H,H,B,B,C,C,H,H,H,H,H,H,H,H,H,B,B,B,B
156,1,111,665,42.8,128,2.107,H,H,H,H,H,H,H,H,H,H,H,H,B,B,B,H,H,H,H,C,H,H,C,H,H,H,H,H,H,H,H,H,H,H,H,H,H,H,C,H,H,C,C,H,H,B,B,B,B,C,C,C,C,H,H,B,H,H,H,H,H,H,C,C,B,H,C,C,C,C,B,B,B,B,H,H,C,C,H,C,C,C,H,H,H,H,H,H,B,H,C,C,C,B,B,H,C
157,1,119,668,36.9,82,1.914,H,H,B,H,B,B,H,H,H,H,H,H,B,B,B,C,C,C,C,H,C,C,H,C,H,H,B,H,H,H,H,H,C,C,C,C,H,H,H,B,B,B,B,B,C,C,C,H,H,B,B,B,H,B,B,B,H,C,C,C,C,H,C,C,H,H,B,B,H,C,C,C,H,H,H,H,H,H,H,H,H,H,H,H,C,C,C,C,H,H,H,B,B,C,C,B,B
158,1,92,661,36.1,143,2.155,C,H,B,H,H,H,H,-,C,C,C,C,H,H,H,H,B,H,H,H,H,H,H,B,B,B,B,C,C,H,H,B,B,H,H,H,H,H,H,C,C,C,C,H,H,H,B,H,H,H,H,C,H,B,B,B,B,B,C,C,C,H,B,H,B,B,B,B,B,H,H,B,B,B,H,H,H,H,H,H,B,B,H,H,H,H,H,H,H,H,H,C,C,C,C,C,C
159,1,100,612,30.7,112,2.049,-,-,-,-,-,-,-,-,-,-,-,-,-,-,-,-,-,-,-,-,-,-,-,-,-,-,-,-,-,-,-,-,-,-,-,-,-,-,-,-,-,-,-,-,-,-,-,-,-,-,-,-,-,-,-,-,-,-,-,-,-,-,-,-,-,-,-,-,-,-,-,-,-,-,-,-,-,-,-,-,-,-,-,-,-,-,-,-,-,-,-,-,-,-,-,-,-
160,1,96,653,37.7,134,2.127,H,H,B,H,H,C,C,C,C,C,C,B,H,H,H,B,B,C,C,H,B,B,B,H,H,H,B,B,B,H,H,H,H,B,B,B,B,B,H,B,H,H,H,B,B,H,H,H,H,B,B,B,H,H,H,H,H,H,C,H,H,B,H,H,B,B,H,H,H,H,H,H,H,H,C,C,C,C,H,H,H,B,B,B,B,H,H,H,B,H,H,H,H,H,H,H,H
161,1,104,674,35.4,125,2.097,H,H,B,H,C,C,C,-,H,H,H,H,C,H,H,H,H,H,H,C,C,C,H,B,B,B,H,H,H,H,H,C,C,H,B,B,B,B,B,B,H,H,H,H,H,H,H,H,H,C,C,C,H,B,B,H,H,H,H,H,H,H,H,H,B,H,C,C,C,C,H,H,H,B,H,B,B,B,H,H,H,H,C,H,H,H,H,H,H,B,B,B,B,C,C,C,C
162,1,92,525,31.9,123,2.09,H,C,B,C,C,B,B,B,B,B,B,B,C,C,C,H,H,H,B,B,B,B,B,-,H,H,H,H,C,H,H,H,C,C,C,C,C,C,C,C,H,H,B,H,H,H,H,H,H,B,H,H,C,C,H,B,B,B,H,H,H,B,-,-,H,H,H,H,-,C,H,H,H,H,H,B,H,H,H,H,H,B,C,C,C,H,H,B,B,B,B,B,H,B,B,B,B
163,1,111,666,37.4,120,2.079,H,B,B,B,B,H,H,-,C,C,C,H,H,H,C,H,H,H,B,B,B,B,C,C,C,C,H,H,H,H,H,C,H,H,H,H,H,H,H,C,C,C,C,C,C,C,C,C,C,C,C,C,B,B,B,B,B,B,C,H,H,H,B,B,H,H,C,C,-,C,H,H,H,H,C,C,H,H,H,H,C,C,H,B,B,B,-,-,B,H,H,C,C,C,C,B,B
164,1,100,698,35,120,2.079,H,H,B,-,H,C,C,-,H,H,H,H,H,H,H,H,H,H,H,H,B,C,C,-,H,H,B,C,C,H,B,H,C,C,C,C,H,H,B,H,B,B,B,H,H,H,H,C,C,C,C,H,C,C,C,C,B,B,C,C,H,H,B,C,H,H,H,H,-,C,C,C,C,C,B,B,B,B,H,H,C,H,C,C,C,C,H,H,B,H,B,B,B,B,B,B,B
165,1,93,684,42.6,132,2.121,B,B,H,H,H,C,C,-,H,H,C,-,C,B,B,B,B,H,H,C,C,C,H,H,H,H,C,H,B,B,C,H,H,B,B,B,B,B,B,C,H,H,C,H,H,H,H,H,H,H,H,C,H,H,-,C,H,H,C,H,C,C,C,C,C,C,C,H,-,H,H,H,H,H,B,B,B,B,C,C,C,H,B,B,C,C,C,C,B,B,B,B,H,C,B,B,B
166,1,98,669,37.6,132,2.121,H,C,B,C,C,C,H,H,H,B,B,H,C,C,-,H,H,B,H,H,H,H,H,C,C,C,H,C,C,C,C,C,H,B,B,B,B,B,B,C,C,H,H,B,H,C,C,C,C,C,H,H,H,H,B,B,B,B,H,C,H,H,H,C,C,C,H,H,-,B,H,H,H,H,C,C,C,C,H,H,C,C,H,H,H,H,H,H,B,H,H,C,C,B,B,B,B
167,1,107,678,41.1,136,2.134,H,H,B,C,C,C,C,C,C,C,C,H,-,C,C,H,B,H,C,C,C,C,H,B,B,B,H,C,H,B,B,B,B,B,B,B,B,B,C,C,C,H,B,B,-,C,-,H,H,B,B,B,H,C,H,H,H,B,C,H,H,C,C,H,H,H,H,H,-,B,B,H,H,H,B,B,B,B,H,H,H,C,H,H,H,H,H,C,H,H,H,H,H,C,C,C,C
168,1,91,663,39.1,132,2.121,C,C,B,H,H,H,H,H,H,H,B,B,B,B,B,H,H,B,H,H,-,B,H,H,H,H,H,H,C,C,H,B,B,B,H,H,H,H,H,H,B,B,B,H,H,C,C,H,H,H,H,H,H,H,H,C,C,C,H,H,H,H,B,H,H,H,H,H,-,H,H,H,H,H,H,B,B,B,H,H,H,H,B,C,C,C,C,C,H,H,H,H,B,-,B,B,B
169,1,99,618,33.1,111,2.045,-,-,-,-,-,-,-,-,-,-,-,-,-,-,-,-,-,-,-,-,-,-,-,-,-,-,-,-,-,-,-,-,-,-,-,-,-,-,-,-,-,-,-,-,-,-,-,-,-,-,-,-,-,-,-,-,-,-,-,-,-,-,-,-,-,-,-,-,-,-,-,-,-,-,-,-,-,-,-,-,-,-,-,-,-,-,-,-,-,-,-,-,-,-,-,-,-
170,1,113,649,37.9,134,2.127,B,H,B,C,C,H,H,H,H,H,H,H,C,C,H,H,H,C,C,H,H,H,H,H,H,H,H,H,H,H,H,B,B,B,B,B,B,B,B,B,B,H,H,H,B,H,H,B,B,H,H,H,C,C,C,C,C,B,B,C,H,H,H,H,H,H,H,H,-,H,H,H,C,C,H,H,H,H,H,H,B,B,H,H,C,C,C,C,B,-,H,C,C,C,C,C,C
171,1,103,564,35.2,126,2.1,-,-,-,-,-,-,-,-,-,-,-,-,-,-,-,-,-,-,-,-,-,-,-,-,-,-,-,-,-,-,-,-,-,-,-,-,-,-,-,-,-,-,-,-,-,-,-,-,-,-,-,-,-,-,-,-,-,-,-,-,-,-,-,-,-,-,-,-,-,-,-,-,-,-,-,-,-,-,-,-,-,-,-,-,-,-,-,-,-,-,-,-,-,-,-,-,-
172,1,94,620,34,130,2.114,B,H,B,H,H,B,B,-,H,H,H,C,C,H,H,H,H,H,C,H,B,B,H,C,C,B,B,H,C,H,B,C,C,C,C,H,H,H,H,C,H,B,B,H,H,C,C,B,B,B,B,B,B,C,C,H,H,H,H,B,H,C,H,B,H,B,B,B,B,C,H,H,H,H,C,H,H,H,C,C,B,B,B,B,B,B,B,B,H,C,C,C,C,B,B,B,B
173,1,92,502,31,118,2.072,B,H,B,H,H,H,H,H,H,B,B,B,H,B,B,B,H,H,H,H,H,H,H,C,H,H,H,H,C,C,H,C,H,H,H,H,H,H,H,C,H,H,H,C,C,H,C,H,H,H,B,B,B,B,B,B,B,H,H,B,H,H,H,H,H,B,B,B,B,B,B,B,B,H,H,H,C,C,B,B,B,B,H,B,H,H,H,H,C,H,H,H,B,C,C,C,C
174,1,104,703,38.1,133,2.124,H,H,H,C,C,C,C,-,H,H,H,H,C,H,H,B,B,B,H,H,H,H,H,H,H,H,H,H,C,C,B,H,H,H,-,C,C,C,C,H,B,B,C,H,C,H,H,B,B,B,H,H,H,C,C,H,H,C,B,C,C,H,B,B,H,H,C,C,C,H,H,H,H,H,H,H,B,B,H,H,H,H,C,C,B,B,B,B,H,H,H,H,C,C,C,C,C
175,1,79,594,34.7,128,2.107,H,H,B,H,H,C,H,-,B,B,B,B,C,C,C,C,C,H,H,C,H,H,H,C,C,C,B,H,H,C,B,C,C,H,H,H,H,H,H,H,H,H,H,H,H,B,H,H,H,B,B,B,B,H,H,H,H,C,C,C,H,B,H,H,H,C,C,C,C,C,H,H,H,B,H,B,H,H,H,H,H,H,H,H,H,H,H,H,C,C,C,H,H,B,B,B,B
176,1,-,-,34.5,131,2.117,-,-,-,-,-,-,-,-,-,-,-,-,-,-,-,-,-,-,-,-,-,-,-,-,-,-,-,-,-,-,-,-,-,-,-,-,-,-,-,-,-,-,-,-,-,-,-,-,-,-,-,-,-,-,-,-,-,-,-,-,-,-,-,-,-,-,-,-,-,-,-,-,-,-,-,-,-,-,-,-,-,-,-,-,-,-,-,-,-,-,-,-,-,-,-,-,-
177,1,107,640,28.7,109,2.037,-,-,-,-,-,-,-,-,-,-,-,-,-,-,-,-,-,-,-,-,-,-,-,-,-,-,-,-,-,-,-,-,-,-,-,-,-,-,-,-,-,-,-,-,-,-,-,-,-,-,-,-,-,-,-,-,-,-,-,-,-,-,-,-,-,-,-,-,-,-,-,-,-,-,-,-,-,-,-,-,-,-,-,-,-,-,-,-,-,-,-,-,-,-,-,-,-
178,1,101,662,35.2,137,2.137,-,-,-,-,-,-,-,-,-,-,-,-,-,-,-,-,-,-,-,-,-,-,-,-,-,-,-,-,-,-,-,-,-,-,-,-,-,-,-,-,-,-,-,-,-,-,-,-,-,-,-,-,-,-,-,-,-,-,-,-,-,-,-,-,-,-,-,-,-,-,-,-,-,-,-,-,-,-,-,-,-,-,-,-,-,-,-,-,-,-,-,-,-,-,-,-,-
179,1,99,593,35.9,124,2.093,-,-,-,-,-,-,-,-,-,-,-,-,-,-,-,-,-,-,-,-,-,-,-,-,-,-,-,-,-,-,-,-,-,-,-,-,-,-,-,-,-,-,-,-,-,-,-,-,-,-,-,-,-,-,-,-,-,-,-,-,-,-,-,-,-,-,-,-,-,-,-,-,-,-,-,-,-,-,-,-,-,-,-,-,-,-,-,-,-,-,-,-,-,-,-,-,-
180,1,95,621,38.9,135,2.13,B,B,B,H,C,B,B,B,B,B,B,C,H,H,H,H,-,H,C,C,C,H,C,C,B,B,B,B,B,-,H,B,B,B,H,H,H,H,H,H,H,H,B,H,C,C,C,B,B,H,C,C,H,B,B,B,C,C,B,H,C,H,H,-,B,B,B,B,B,B,B,B,B,B,H,H,B,B,B,B,H,H,C,H,H,H,H,B,H,H,H,H,H,B,B,B,B
181,1,97,720,42.4,147,2.167,H,H,B,H,B,H,H,-,B,B,B,C,C,C,C,H,H,H,-,B,B,B,C,C,C,C,C,H,H,H,C,C,C,C,H,H,H,H,H,-,C,C,C,H,H,H,H,B,B,B,B,B,B,B,H,H,H,B,C,C,H,H,B,B,H,H,C,C,-,H,H,H,H,H,B,B,-,C,C,C,H,C,-,C,C,C,C,-,H,H,H,H,H,H,C,C,C
182,1,108,621,39.1,123,2.09,H,H,B,H,H,B,H,H,H,H,H,-,H,-,C,H,H,B,B,B,C,B,C,C,H,H,C,H,H,B,H,H,H,B,H,H,H,H,H,B,B,C,C,H,H,H,H,B,B,B,B,B,B,C,-,H,H,B,C,C,H,H,H,B,B,B,B,B,-,H,H,C,C,C,H,H,B,B,H,H,B,H,H,H,H,C,-,H,H,H,H,H,H,C,C,B,B
183,1,-,-,37,119,2.076,-,-,-,-,-,-,-,-,-,-,-,-,-,-,-,-,-,-,-,-,-,-,-,-,-,-,-,-,-,-,-,-,-,-,-,-,-,-,-,-,-,-,-,-,-,-,-,-,-,-,-,-,-,-,-,-,-,-,-,-,-,-,-,-,-,-,-,-,-,-,-,-,-,-,-,-,-,-,-,-,-,-,-,-,-,-,-,-,-,-,-,-,-,-,-,-,-
184,1,89,563,35.1,137,2.137,C,C,H,C,C,H,B,B,B,B,B,H,B,H,H,H,B,H,H,H,H,H,H,H,B,B,H,C,C,C,H,H,H,C,C,H,H,H,B,H,H,H,B,B,B,B,H,H,H,H,B,B,C,C,C,C,H,H,H,B,C,C,B,B,C,C,C,C,H,C,C,H,H,H,H,C,C,C,B,B,H,H,B,B,B,B,B,B,B,B,B,B,B,B,B,C,C
185,1,107,690,29.1,120,2.079,H,H,H,B,B,H,H,H,H,C,C,H,H,-,B,H,-,H,H,H,B,B,B,B,B,H,H,C,C,B,H,B,B,B,B,B,H,H,H,C,C,C,C,H,B,B,H,C,C,H,H,H,H,B,H,H,C,H,B,H,H,C,H,H,H,H,H,B,B,C,H,H,H,B,H,H,H,H,H,H,H,B,C,C,B,B,B,-,C,C,H,H,C,C,C,C,C
186,1,104,570,34.3,128,2.107,H,H,B,H,H,C,C,-,H,H,H,H,H,-,C,H,-,C,H,H,B,B,B,C,C,C,H,H,H,B,B,B,B,B,B,B,B,B,B,B,B,H,H,H,H,H,H,B,B,B,H,H,H,H,H,H,B,B,C,H,H,H,H,H,H,H,B,H,H,H,H,H,H,H,H,H,H,H,C,C,H,H,B,H,H,H,H,H,C,C,C,H,B,C,C,C,C
187,1,95,545,34.2,122,2.086,H,C,H,C,C,H,H,H,H,B,B,B,C,C,C,H,H,C,C,C,C,C,B,B,B,B,B,H,H,H,B,H,C,H,C,C,C,C,H,H,H,B,B,H,H,H,H,C,C,C,H,H,H,H,H,H,B,H,H,H,C,C,C,C,H,C,H,H,H,H,H,H,H,H,B,H,H,H,H,H,H,H,C,C,C,C,H,B,H,H,H,B,H,B,B,B,B
188,1,89,679,32,116,2.064,C,C,H,C,H,C,C,-,H,H,H,H,C,C,C,H,H,C,C,C,C,C,H,B,B,H,H,H,H,H,B,B,B,H,H,H,H,H,B,H,H,H,H,H,H,B,H,H,H,B,B,B,H,C,C,H,H,H,C,B,H,H,B,B,B,H,H,H,H,H,H,H,H,H,C,C,C,C,C,C,C,H,B,B,B,B,B,B,H,C,C,C,H,C,C,C,C
189,1,100,533,32.7,120,2.079,H,H,B,H,H,H,H,-,B,B,B,B,C,H,H,H,C,C,H,H,H,H,C,C,H,H,H,H,H,B,B,B,H,H,B,B,B,B,B,B,B,C,C,B,H,H,B,C,C,H,H,H,H,H,H,H,C,H,B,C,H,C,H,B,B,B,B,H,H,H,H,H,H,C,B,H,H,H,H,H,B,B,B,B,B,B,B,B,B,H,H,H,C,B,B,B,B
190,1,95,550,37.3,123,2.09,B,H,H,H,H,H,H,H,H,H,H,B,B,H,H,B,H,H,H,B,H,H,B,H,H,H,B,H,H,H,B,B,H,H,H,H,H,H,H,H,H,H,H,H,H,H,H,H,H,H,H,B,H,H,H,C,C,H,C,C,C,C,H,B,H,H,B,B,B,H,H,H,H,B,C,H,H,H,H,H,B,B,H,H,H,H,H,H,C,C,C,C,H,B,B,B,B
191,1,90,650,38.2,116,2.064,C,H,H,H,H,C,C,C,C,C,H,B,H,H,C,C,H,B,B,H,H,H,H,H,H,H,H,H,H,H,H,H,H,H,H,H,H,H,H,B,B,B,B,H,H,C,H,B,B,C,C,C,H,C,C,C,C,C,H,H,C,C,C,C,H,H,B,B,B,B,B,B,H,C,H,H,B,B,B,H,H,H,B,B,B,B,B,B,C,H,H,H,B,C,C,C,C
192,1,96,557,30.1,126,2.1,H,B,B,B,B,C,C,C,C,C,C,H,H,B,B,B,B,B,C,C,C,C,H,H,H,H,H,C,C,H,H,H,H,H,H,H,H,H,H,H,B,H,H,H,H,B,H,C,C,H,H,H,H,H,H,H,H,H,C,C,H,H,H,H,C,C,C,C,C,H,C,C,C,C,C,C,C,C,H,H,H,H,H,H,H,H,H,H,C,C,C,C,H,B,B,B,B
193,1,110,553,31.9,124,2.093,-,-,-,-,-,-,-,-,-,-,-,-,-,-,-,-,-,-,-,-,-,-,-,-,-,-,-,-,-,-,-,-,-,-,-,-,-,-,-,-,-,-,-,-,-,-,-,-,-,-,-,-,-,-,-,-,-,-,-,-,-,-,-,-,-,-,-,-,-,-,-,-,-,-,-,-,-,-,-,-,-,-,-,-,-,-,-,-,-,-,-,-,-,-,-,-,-
194,1,102,571,29.1,101,2.004,H,H,B,H,H,B,H,H,H,B,B,B,B,B,H,H,H,B,B,B,H,H,C,H,H,H,C,H,H,C,H,C,C,C,H,B,B,B,B,H,B,B,B,H,B,B,B,B,B,B,B,B,H,C,H,H,H,H,C,H,C,C,C,H,H,H,H,H,-,B,H,H,H,H,H,B,H,B,C,C,B,B,B,B,B,-,C,C,B,B,B,B,C,B,B,B,B
195,1,106,586,36.8,130,2.114,-,-,-,-,-,-,-,-,-,-,-,-,-,-,-,-,-,-,-,-,-,-,-,-,-,-,-,-,-,-,-,-,-,-,-,-,-,-,-,-,-,-,-,-,-,-,-,-,-,-,-,-,-,-,-,-,-,-,-,-,-,-,-,-,-,-,-,-,-,-,-,-,-,-,-,-,-,-,-,-,-,-,-,-,-,-,-,-,-,-,-,-,-,-,-,-,-
196,1,104,501,34.3,122,2.086,C,C,H,C,C,C,H,-,B,B,B,H,H,H,H,C,C,H,H,B,B,B,C,C,C,C,H,H,H,H,B,H,H,H,H,H,H,H,C,C,C,H,H,H,H,H,B,H,B,B,B,B,H,C,C,C,H,H,H,H,H,B,H,H,B,B,B,B,-,B,B,B,B,H,H,H,H,C,H,H,H,H,H,H,B,C,H,H,B,B,H,C,C,B,B,B,B
197,1,109,588,35.1,128,2.107,-,-,-,-,-,-,-,-,-,-,-,-,-,-,-,-,-,-,-,-,-,-,-,-,-,-,-,-,-,-,-,-,-,-,-,-,-,-,-,-,-,-,-,-,-,-,-,-,-,-,-,-,-,-,-,-,-,-,-,-,-,-,-,-,-,-,-,-,-,-,-,-,-,-,-,-,-,-,-,-,-,-,-,-,-,-,-,-,-,-,-,-,-,-,-,-,-
198,1,102,614,35.6,137,2.137,H,H,H,H,H,C,C,-,H,H,H,H,H,H,H,B,B,B,B,B,B,B,C,C,H,H,H,H,B,H,H,C,C,C,C,C,H,H,H,B,H,H,H,H,H,H,H,H,H,C,H,H,B,B,B,B,C,C,H,H,H,B,H,H,H,C,C,C,-,C,H,H,H,B,H,H,H,H,H,H,C,C,B,B,H,H,H,H,B,H,H,C,C,B,B,C,C
199,1,93,608,33.2,128,2.107,C,C,B,C,H,H,B,B,B,H,H,H,B,B,B,B,B,B,B,H,H,H,H,B,B,B,B,B,H,H,B,B,B,B,H,H,H,H,H,H,C,H,H,H,B,B,B,H,H,B,B,B,B,B,B,B,H,H,C,H,H,H,H,H,H,H,C,C,C,B,H,H,H,H,B,H,C,C,C,C,C,C,H,H,H,B,B,B,H,H,H,H,H,C,C,B,B
200,1,101,542,40.1,144,2.158,H,C,B,B,B,B,H,-,-,C,C,H,C,H,H,H,H,H,H,H,B,B,H,H,C,C,H,H,B,B,B,H,H,H,H,C,C,C,C,B,B,B,B,H,H,H,H,C,C,H,B,B,B,B,B,B,H,H,H,B,B,C,H,H,B,B,H,H,-,H,B,-,H,H,B,B,B,B,H,H,H,H,H,H,H,H,H,H,B,H,H,H,H,-,C,B,B
201,1,113,546,32.8,127,2.104,B,B,B,H,H,H,B,B,B,B,H,C,B,B,B,H,H,C,C,C,H,H,C,C,C,H,H,B,B,H,H,B,B,B,B,H,H,H,H,H,H,H,H,B,B,B,B,C,C,C,C,H,H,H,H,H,H,H,C,C,C,H,B,B,C,C,C,C,-,C,H,H,H,H,H,H,H,H,H,H,H,H,C,H,H,H,H,H,C,C,C,H,H,C,C,C,B
202,1,114,580,28.8,115,2.061,B,H,H,B,B,H,B,B,B,H,H,H,H,H,H,B,B,H,C,C,-,B,H,B,B,H,H,B,B,B,H,C,C,B,B,B,B,B,B,B,B,B,H,-,H,H,B,C,C,H,H,H,B,B,B,B,H,H,H,H,H,H,H,C,H,H,H,H,H,C,C,C,C,C,H,C,C,C,H,H,H,H,H,C,C,C,C,C,H,H,H,B,H,B,B,B,B
203,1,99,558,31.6,123,2.09,H,C,H,H,H,H,H,-,B,B,H,H,H,H,H,H,H,H,H,B,B,B,B,B,B,B,H,H,B,B,B,H,C,H,H,H,H,H,C,H,H,H,H,C,H,B,B,C,C,B,B,B,H,C,C,C,C,C,C,B,B,B,H,B,B,B,C,C,C,C,C,C,C,C,B,H,H,H,H,H,H,C,B,B,B,-,H,H,H,H,H,B,B,C,C,C,C
204,1,100,639,37.8,121,2.083,-,-,-,-,-,-,-,-,-,-,-,-,-,-,-,-,-,-,-,-,-,-,-,-,-,-,-,-,-,-,-,-,-,-,-,-,-,-,-,-,-,-,-,-,-,-,-,-,-,-,-,-,-,-,-,-,-,-,-,-,-,-,-,-,-,-,-,-,-,-,-,-,-,-,-,-,-,-,-,-,-,-,-,-,-,-,-,-,-,-,-,-,-,-,-,-,-
205,1,101,669,36.3,154,2.188,B,B,H,H,H,C,C,C,C,C,C,H,H,B,B,H,H,-,C,C,H,H,C,C,H,H,H,H,H,B,H,B,B,B,B,B,H,H,C,H,H,C,C,H,H,H,B,H,H,B,B,B,H,H,C,H,H,H,C,H,H,-,C,C,H,H,H,H,H,H,H,H,H,C,H,H,B,B,H,H,C,C,B,B,B,B,B,B,B,B,B,H,H,C,C,C,C
206,1,103,564,37.7,133,2.124,C,C,H,C,C,H,H,H,H,H,H,B,H,H,H,H,H,H,H,H,C,C,B,B,H,H,H,H,H,H,H,H,B,B,B,B,H,H,H,H,H,C,C,H,H,H,C,C,C,H,B,B,H,H,H,C,C,C,B,B,B,H,B,B,C,C,H,H,H,B,C,C,C,C,B,B,B,B,C,C,H,H,H,H,H,H,B,B,H,H,H,H,B,B,B,B,B
207,1,93,614,35.4,135,2.13,H,B,H,B,B,B,B,-,H,H,H,B,B,B,B,B,B,B,B,B,H,H,B,B,B,H,H,H,H,H,H,H,H,H,H,H,H,H,B,B,B,B,H,C,C,C,C,B,B,B,H,H,H,H,H,H,H,H,H,H,H,C,B,B,H,H,B,B,H,H,H,C,C,H,C,H,H,H,B,B,B,H,B,B,B,H,H,H,H,H,H,H,B,B,B,B,B
208,1,-,-,31.1,122,2.086,H,H,H,H,H,B,B,-,H,H,H,H,B,B,B,B,H,H,H,H,B,B,H,B,B,B,B,B,C,C,H,H,H,C,H,H,H,H,H,B,-,H,H,H,H,C,C,C,B,C,H,B,C,-,H,H,H,H,B,H,H,H,C,C,H,H,H,B,B,C,C,C,C,H,B,B,H,H,B,B,C,C,C,C,C,H,H,H,B,B,B,H,H,B,-,C,C
